campaign,spend,impressions,first_touch,last_touch,linear,time_decay,cpa_first_touch,rank_first_touch,cpa_last_touch,rank_last_touch,cpa_linear,rank_linear,cpa_time_decay,rank_time_decay,rank_shift_first_vs_last,abs_shift
497590,2.2116198569447163,27802,370.0,306.0,340.1183774159071,324.2306385059116,0.005977350964715449,51.0,0.007227515872368354,59.0,0.006502500316941946,53.0,0.006821131609079542,55.0,-8.0,8.0
29427842,131.09247092106472,239272,6355.0,6738.0,6655.652116066532,6729.293399250276,0.020628240900246217,243.0,0.019455694704818154,200.0,0.01969641270832225,225.0,0.01948086717925986,217.0,43.0,43.0
73328,1.001138002477812,12950,701.0,780.0,725.1787855016096,736.3880417710642,0.001428156922222271,11.0,0.0012835102595869386,11.0,0.0013805395614066678,11.0,0.0013595250678840546,11.0,0.0,0.0
28896342,19.886315756985898,36445,691.0,635.0,661.9211842404648,655.3138322511606,0.028779038722121415,299.0,0.03131703268816677,282.0,0.03004332876852229,294.0,0.030346247520324148,293.0,17.0,17.0
6228543,13.528854772152684,30617,1237.0,1206.0,1213.7786771603526,1213.3732123611835,0.010936826816614943,115.0,0.01121795586413987,103.0,0.011146063962668692,116.0,0.011149788568206469,109.0,12.0,12.0
26091094,22.203182126557003,30606,830.0,819.0,824.8512091390278,824.5267962385301,0.026750821839225305,290.0,0.027110112486638586,268.0,0.026917802726788124,281.0,0.026928393628742383,277.0,22.0,22.0
7061828,49.22208963488258,143611,2604.0,2558.0,2627.9311035209444,2616.930505297121,0.018902492179294385,228.0,0.01924241189792126,197.0,0.018730357720921235,212.0,0.018809093147582077,209.0,31.0,31.0
8980584,10.732595638390316,37815,1088.0,1085.0,1086.4731057848812,1089.2232540387438,0.009864518049991099,103.0,0.009891793215106283,91.0,0.009878381325083018,98.0,0.009853439686120177,95.0,12.0,12.0
26852338,14.535177712237289,107659,1542.0,1542.0,1568.0073426409936,1574.6031432497673,0.00942618528679461,97.0,0.00942618528679461,84.0,0.009269840336178337,89.0,0.009231010222829007,85.0,13.0,13.0
5061834,141.24441573299453,299755,7391.0,6409.0,7009.202982690769,6845.793097926534,0.01911032549492552,231.0,0.02203844839023163,226.0,0.02015128054955716,230.0,0.0206322939815074,229.0,5.0,5.0
4828346,9.274128328493948,37316,542.0,417.0,464.96154170376053,441.42011385100824,0.017110937875450087,207.0,0.02224011589566894,228.0,0.019946011651868496,228.0,0.0210097547381455,232.0,-21.0,21.0
17686799,79.42984162550648,381084,4328.0,3742.0,4107.155647114322,4010.6217789389857,0.018352551207372107,223.0,0.02122657445898089,217.0,0.01933937947574831,220.0,0.019804869669490435,219.0,6.0,6.0
25102583,1.1269255234400568,13342,102.0,72.0,88.84019321532863,85.68117809229038,0.011048289445490753,120.0,0.0156517433811119,164.0,0.012684861239649075,136.0,0.013152544684040215,137.0,-44.0,44.0
2828357,30.031212145149308,73432,538.0,429.0,513.3179193782098,496.78357203365937,0.05582009692406935,334.0,0.07000282551316855,331.0,0.05850411803571283,333.0,0.060451298786334574,332.0,3.0,3.0
1946547,1.2911062062849408,10005,159.0,134.0,141.33107244244647,138.8758196469234,0.008120164819402143,79.0,0.009635120942424932,86.0,0.009135331558534033,86.0,0.009296839504295546,86.0,-7.0,7.0
28795042,23.611442926562773,135054,2787.0,2732.0,2763.164251795118,2757.597483780226,0.008471992438666226,83.0,0.008642548655403651,73.0,0.008545073971344033,78.0,0.008562323930683043,77.0,10.0,10.0
26874680,1.4714625997373267,11239,188.0,129.0,201.00826233129135,194.79312893183035,0.007826928722007057,73.0,0.0114066868196692,107.0,0.0073204085377950225,62.0,0.007553975891276322,66.0,-34.0,34.0
13289562,6.535166418978923,37967,437.0,406.0,421.0359848868144,420.7292224834208,0.01495461423107305,175.0,0.016096469012263356,170.0,0.015521633906744927,172.0,0.015532951051995078,170.0,5.0,5.0
10002432,6.112713469757335,10561,396.0,313.0,334.83264281065567,323.37559295352224,0.015436145125649834,180.0,0.01952943600561449,201.0,0.018256026110375415,208.0,0.01890282879399589,210.0,-21.0,21.0
11959615,15.466239708510376,39801,612.0,583.0,619.9124049997112,612.7005392025404,0.025271633510637867,279.0,0.02652871305061814,265.0,0.024949072778302578,268.0,0.02524273885680016,266.0,14.0,14.0
29614012,3.705296809683701,12873,173.0,129.0,157.58874271598296,149.59586598777324,0.021417900634009834,250.0,0.02872323108281939,275.0,0.023512446040397927,255.0,0.02476871125560744,264.0,-25.0,25.0
26949222,3.83884740261734,11824,319.0,312.0,320.6880880557897,317.74781649944384,0.01203400439691956,136.0,0.012303998085311987,123.0,0.01197065792462332,125.0,0.012081428111478647,123.0,13.0,13.0
27091104,4.459877614570813,15325,415.0,389.0,406.61728470362965,399.9940520348391,0.010746693047158586,113.0,0.011464981014320858,108.0,0.010968244052442276,111.0,0.011149859833871635,110.0,5.0,5.0
6516505,3.643658069036472,16182,215.0,170.0,196.0896201784185,187.58496227941802,0.016947246832727775,206.0,0.02143328275903807,218.0,0.0185815958321566,211.0,0.01942404137709634,216.0,-12.0,12.0
7144711,3.5124145021708215,12846,132.0,113.0,135.589460298694,134.71710525028337,0.026609200774021374,289.0,0.031083314178502845,280.0,0.025904775300626025,275.0,0.026072520602675533,271.0,9.0,9.0
20922679,5.8133860991418915,17202,332.0,257.0,285.8106851595126,272.83914553784643,0.017510199093800877,210.0,0.022620179374092962,231.0,0.020339988674312182,232.0,0.02130700888863287,235.0,-21.0,21.0
32135670,12.597259394821013,56466,493.0,509.0,510.1567057215447,515.784390598261,0.02555225029375459,281.0,0.02474903613913755,253.0,0.02469292131915421,263.0,0.024423498703032457,262.0,28.0,28.0
25998435,4.347358500802623,15596,139.0,116.0,132.70243854827513,130.54129697687654,0.031275960437428946,306.0,0.03747722845519503,301.0,0.03276020055367046,305.0,0.033302553302903784,302.0,5.0,5.0
13661605,15.416938615063344,47858,1013.0,891.0,954.6670668782857,932.4857435777388,0.015219090439351771,176.0,0.017302961408600836,179.0,0.016149021108977788,178.0,0.016533162808379253,181.0,-3.0,3.0
32452108,0.6371202951462778,10145,128.0,115.0,120.17561162740911,119.02737433980437,0.004977502305830295,42.0,0.00554017647953285,44.0,0.0053015773044001405,42.0,0.005352720739074693,42.0,-2.0,2.0
11321105,18.78749843280992,33775,783.0,806.0,800.5961427447585,807.4406684461201,0.023994250872043318,266.0,0.023309551405471363,240.0,0.023466886023706016,254.0,0.023267961556810778,251.0,26.0,26.0
14289571,14.93039382152489,81357,1151.0,1278.0,1205.0932937509156,1229.5277562013757,0.012971671434860894,149.0,0.011682624273493654,111.0,0.01238940910130971,132.0,0.012143193796333903,126.0,38.0,38.0
13300118,2.719503329226486,11747,103.0,96.0,102.2103957178362,99.36513485261206,0.026402944943946467,288.0,0.028328159679442563,272.0,0.026606915178510746,280.0,0.027368788189743972,279.0,16.0,16.0
11097337,5.288807162663898,26066,885.0,996.0,950.9746465891617,970.1327491521491,0.005976053291145647,50.0,0.0053100473520721865,41.0,0.005561459689417733,44.0,0.005451632436165122,44.0,9.0,9.0
3877975,4.22463415403909,22968,421.0,410.0,431.12862408657924,426.4553195310284,0.010034760460900452,105.0,0.010303985741558755,94.0,0.009799011056131358,96.0,0.00990639337946331,96.0,11.0,11.0
25119476,4.153336134139381,16094,321.0,272.0,302.5042338645687,296.4142045363694,0.012938741850901499,147.0,0.015269618140218311,157.0,0.013729844640782224,148.0,0.014011933539540528,149.0,-10.0,10.0
22445172,1.8780888868056056,11242,82.0,59.0,72.81668994825066,68.96070389986565,0.02290352300982446,258.0,0.03183201503060348,285.0,0.02579201125648976,274.0,0.027234189626786344,278.0,-27.0,27.0
28752986,3.420191369694874,11586,849.0,1043.0,918.8931039232822,945.9130915703968,0.004028493957237778,34.0,0.003279186356370924,28.0,0.0037220775246784563,32.0,0.0036157564581506124,30.0,6.0,6.0
29614010,5.112163016984372,12237,195.0,213.0,215.48351637534756,217.8818063450516,0.026216220599919855,284.0,0.024000765337954796,247.0,0.023724148848952187,258.0,0.023463010072940296,252.0,37.0,37.0
3884873,0.969551623681184,14775,113.0,108.0,110.19013099926887,109.90973167473408,0.008580102864435257,85.0,0.008977329848899852,77.0,0.008798897096216512,79.0,0.008821344651722622,79.0,8.0,8.0
884761,5.412405740176586,20375,217.0,238.0,240.9352483052989,241.85850492832392,0.024941961936297632,275.0,0.022741200588977252,234.0,0.02246415075521995,248.0,0.02237839740959526,245.0,41.0,41.0
24321351,2.8629931192418057,10650,148.0,127.0,131.81930517041124,129.77396763729902,0.019344548102985172,234.0,0.02254325290741579,229.0,0.021719073056413334,244.0,0.022061382350915638,242.0,5.0,5.0
27990027,2.9727214984916084,13636,166.0,125.0,151.06296076661982,146.11840584368105,0.017907960834286796,216.0,0.023781771987932868,242.0,0.019678692138731645,224.0,0.020344606699801093,225.0,-26.0,26.0
17132183,1.793139882940606,13069,126.0,101.0,104.80468631045137,101.56339505479622,0.014231268912227032,167.0,0.017753860227134714,181.0,0.017109348313194557,190.0,0.01765537556098,190.0,-14.0,14.0
9097339,8.47793251343741,20835,287.0,224.0,261.9201750749695,249.18016126226922,0.029539834541593767,301.0,0.03784791300641701,304.0,0.03236838288998077,303.0,0.0340233045459592,305.0,-3.0,3.0
20530187,2.6894282731219823,12494,102.0,79.0,92.74897616371732,88.02924638981403,0.02636694385413708,286.0,0.03404339586230357,291.0,0.028996851333158605,292.0,0.03055153126283243,294.0,-5.0,5.0
1415896,4.623120446665971,11965,275.0,235.0,249.24504046120495,243.4120988573773,0.01681134707878535,202.0,0.019672852964536046,204.0,0.018548495240311755,210.0,0.01899297721176465,212.0,-2.0,2.0
27031690,0.8055758929902994,10370,106.0,117.0,117.54402874231434,117.67247203945816,0.007599772575380183,71.0,0.006885264042652132,55.0,0.006853396991831219,57.0,0.006845916288052248,57.0,16.0,16.0
29389116,15.576923436994388,36163,722.0,588.0,656.9935170316079,638.5918008949627,0.021574686200823253,253.0,0.026491366389446238,264.0,0.02370940204611636,257.0,0.02439261421014787,260.0,-11.0,11.0
5686703,15.86151472587443,67793,834.0,816.0,832.09661410688,823.6266248997212,0.019018602788818263,230.0,0.019438130791512784,199.0,0.019062107040177276,215.0,0.019258137420952868,214.0,31.0,31.0
9100690,8.495005983278714,41535,5525.0,6174.0,5765.102299181934,5881.812964778641,0.0015375576440323465,13.0,0.001375932294019876,12.0,0.0014735221583984995,13.0,0.0014442835965965504,12.0,1.0,1.0
497593,20.475079417701274,191679,1731.0,1549.0,1657.1247404465769,1624.7875288112582,0.01182846875661541,131.0,0.013218256564042139,134.0,0.012355786452251908,131.0,0.012601696563169363,133.0,-3.0,3.0
3144706,9.983543680091543,29905,155.0,105.0,133.1521357236799,120.80281212466313,0.06440995922639706,339.0,0.09508136838182422,335.0,0.07497847199995052,338.0,0.0826433052716436,338.0,4.0,4.0
30752994,8.001536751680034,49911,331.0,229.0,287.52651978001444,270.3035629641505,0.024173827044350553,268.0,0.03494120852262023,297.0,0.027828865169731064,285.0,0.029602039514148956,287.0,-29.0,29.0
11843320,1.9265094028521137,18463,138.0,80.0,105.7329696196344,95.49566428874668,0.013960213064145752,162.0,0.024081367535651422,248.0,0.01822051730678304,207.0,0.020173789220702197,224.0,-86.0,86.0
13300124,3.9628436144889663,19317,455.0,320.0,380.2411303741404,351.177024867498,0.008709546405470255,86.0,0.01238388629527802,124.0,0.010421922558955429,103.0,0.011284461493413984,111.0,-38.0,38.0
4869923,6.601415106665643,15033,255.0,254.0,251.39437231753166,250.8955863731233,0.02588790237908095,282.0,0.025989823254589144,261.0,0.026259200020307197,278.0,0.026311403887544858,273.0,21.0,21.0
2946551,13.04279652289719,48943,1153.0,1025.0,1099.7634664806628,1075.3532487168823,0.011312052491671457,123.0,0.012724679534533843,128.0,0.01185963793163202,123.0,0.012128848393269774,125.0,-5.0,5.0
18323505,6.35943162244311,12791,130.0,84.0,112.04729547997155,105.81722704723032,0.048918704788023924,329.0,0.07570751931479894,334.0,0.05675667221775878,332.0,0.060098263769515055,331.0,-5.0,5.0
27891651,5.51226816307855,23789,472.0,296.0,384.63830495160477,350.0309708227344,0.011678534243810488,126.0,0.018622527577968076,192.0,0.014331043195950296,157.0,0.015747944103695097,172.0,-66.0,66.0
12289574,8.966929809260858,42523,328.0,184.0,258.67343570666907,234.6856620627974,0.02733820063799042,295.0,0.048733314180765534,317.0,0.03466505860860483,310.0,0.03820825580244216,313.0,-22.0,22.0
7686710,19.534571621230644,72214,843.0,768.0,822.361946845001,808.7034708809358,0.023172682824710134,260.0,0.025435640131810735,258.0,0.023754226099803384,259.0,0.024155419538327526,259.0,2.0,2.0
17314989,1.747676555221873,11739,219.0,222.0,223.98479546256777,224.7548114169475,0.00798025824302225,76.0,0.007872416915413842,64.0,0.007802657102740457,68.0,0.007775924992233962,67.0,12.0,12.0
27323541,2.494906523207973,18707,261.0,201.0,224.7042538104263,212.22233508749594,0.00955902882455162,99.0,0.012412470264716282,125.0,0.011103067613988396,115.0,0.01175609778386126,120.0,-26.0,26.0
22274902,2.312316451542452,13149,86.0,57.0,79.885873066574,76.84817924948167,0.026887400599330837,292.0,0.040566955290218455,309.0,0.028945248549958898,291.0,0.030089411019559687,289.0,-17.0,17.0
14576401,6.829091960978532,15752,252.0,193.0,238.12204427580963,226.93032340605006,0.027099571273724334,293.0,0.03538389617087322,298.0,0.02867895738820636,290.0,0.03009334256647195,291.0,-5.0,5.0
2390251,8.834605471761444,48641,496.0,493.0,496.75471626140416,496.9860715321159,0.017811704580164203,215.0,0.017920092234810232,184.0,0.017784643371382636,199.0,0.017776364324509124,192.0,31.0,31.0
2576437,10.89911695961518,128938,914.0,754.0,849.3776572406798,818.0373586666033,0.011924635623211357,133.0,0.014455062280656737,147.0,0.012831885636152075,139.0,0.013323495368696467,140.0,-14.0,14.0
3892353,27.345142655867168,37167,878.0,772.0,854.1395006013233,832.0441913079735,0.031144809403037776,304.0,0.03542116924335125,299.0,0.03201484375399557,301.0,0.03286501238940278,300.0,5.0,5.0
22589171,3.953433218073433,16614,130.0,105.0,117.5651289914599,114.9708137472698,0.030411024754411025,302.0,0.0376517449340327,302.0,0.03362760073491363,307.0,0.034386407203865814,307.0,0.0,0.0
442617,1.869235858358709,11404,156.0,144.0,153.7760195647963,150.62494309370487,0.011982281143325058,134.0,0.012980804571935478,130.0,0.012155574475453715,130.0,0.012409869308271497,130.0,4.0,4.0
26891650,9.80558187126818,30922,3864.0,5235.0,4344.526665962442,4561.207216551023,0.002537676467719508,23.0,0.0018730815417895281,18.0,0.0022569965902363614,19.0,0.0021497777684134057,18.0,5.0,5.0
17288254,6.787772380728814,37940,619.0,584.0,619.3209329708718,610.9045834830589,0.010965706592453658,116.0,0.011622897912206874,109.0,0.010960024148009962,110.0,0.011111018912361863,108.0,7.0,7.0
23852343,8.079408812291359,11602,200.0,164.0,206.08982970794952,194.94630706077396,0.04039704406145679,320.0,0.04926468787982536,318.0,0.03920333586446605,318.0,0.04144427731976798,319.0,2.0,2.0
29614013,3.6301830630874297,14232,191.0,147.0,169.63361254955785,165.22082292570633,0.019006194047578164,229.0,0.02469512287814578,251.0,0.021400140034315927,242.0,0.02197170428523884,241.0,-22.0,22.0
25866076,2.5244263201921253,22429,153.0,117.0,131.78848250682643,127.16600934383243,0.01649951843262827,197.0,0.02157629333497543,220.0,0.019155136110330158,216.0,0.019851423609327568,220.0,-23.0,23.0
14102485,9.631101432653692,13462,91.0,53.0,69.79331139699897,65.4001637916936,0.1058362794797109,345.0,0.18171889495573004,346.0,0.1379946192532687,346.0,0.14726417908263598,346.0,-1.0,1.0
2953716,2.472930659327459,38028,341.0,343.0,343.9436354318057,342.9531923168941,0.007251996068408971,68.0,0.007209710377047986,58.0,0.0071899299901939055,61.0,0.007210694388412144,60.0,10.0,10.0
11289564,7.62596980685708,35239,521.0,581.0,554.9251128754058,565.190077048394,0.014637178132163302,172.0,0.0131255934713547,131.0,0.013742340416605539,149.0,0.013492752467775744,147.0,41.0,41.0
23385780,11.347766354953702,14280,147.0,93.0,132.37996707622472,123.30856152012812,0.07719568948948097,341.0,0.1220189930640183,341.0,0.08572117523204723,341.0,0.09202740032857623,340.0,0.0,0.0
12843317,16.27939762341964,27166,352.0,325.0,349.5784366770557,346.702426826382,0.046248288702896705,326.0,0.050090454225906585,321.0,0.04656865502965425,324.0,0.04695495723072012,325.0,5.0,5.0
13661597,8.411722517213411,41107,380.0,257.0,321.17218134652717,301.14391886987227,0.022136111887403713,255.0,0.03273043781016891,289.0,0.026190694604828254,277.0,0.027932566424654293,282.0,-34.0,34.0
14257845,7.172689513960538,18338,517.0,496.0,507.8745616158299,499.5967053786621,0.013873674108240886,160.0,0.014461067568468827,148.0,0.014122954871258456,154.0,0.014356959196766725,156.0,12.0,12.0
24119478,4.148635244667977,12200,376.0,330.0,354.5533201919026,350.9591926945326,0.01103360437411696,118.0,0.012571621953539324,126.0,0.011701019306271114,122.0,0.011820847924843675,121.0,-8.0,8.0
22419532,4.475217903819702,39020,248.0,197.0,229.85286035672343,222.86213588856094,0.01804523348314396,220.0,0.022716842151369047,232.0,0.019469924789599417,222.0,0.02008065607904553,223.0,-12.0,12.0
6210424,7.091195089597736,21533,383.0,341.0,363.5119278461748,355.7764732819208,0.018514869685633775,224.0,0.020795293517881924,215.0,0.0195074619190996,223.0,0.019931602065150055,221.0,9.0,9.0
13947793,5.906291705168553,23920,100.0,55.0,80.10358762947416,74.96353076662746,0.05906291705168553,337.0,0.10738712191215552,339.0,0.07373317325671602,337.0,0.07878886766360714,337.0,-2.0,2.0
9106407,3.0120195166948376,20877,2004.0,2153.0,2050.841182261565,2080.1194180994044,0.0015030037508457273,12.0,0.0013989872348791628,13.0,0.0014686751674126875,12.0,0.0014480031725519424,13.0,-1.0,1.0
4800911,2.219652933562943,18333,209.0,233.0,226.00704880124664,228.6822767826301,0.010620348964415995,112.0,0.009526407440184305,85.0,0.009821166841194112,97.0,0.009706274420526234,92.0,27.0,27.0
30491418,119.0515204626812,186644,3886.0,3545.0,3726.846785079732,3666.1804445012167,0.030636006295080082,303.0,0.03358293948171543,290.0,0.03194430233603881,299.0,0.03247290259300866,298.0,13.0,13.0
4869922,27.387653357737147,48085,667.0,658.0,669.8595878858503,666.6805224439856,0.04106094956182481,321.0,0.04162257349200174,310.0,0.04088566298524674,319.0,0.04108062623059196,318.0,11.0,11.0
32323516,22.09369547759545,108748,786.0,684.0,750.6365720692406,735.1463560693088,0.02810902732518505,297.0,0.032300724382449485,287.0,0.029433278765902536,293.0,0.030053465266054423,288.0,10.0,10.0
9100693,20.840787765408272,100926,16025.0,18472.0,17037.605765457236,17451.67230437859,0.0013005171772485663,10.0,0.0011282366698467017,10.0,0.001223222796225381,10.0,0.001194200040083228,9.0,0.0,0.0
12121528,34.24369713163576,53027,3081.0,2932.0,2994.4543900592375,2969.8167235919423,0.011114474888554288,122.0,0.011679296429616563,110.0,0.011435705030377283,119.0,0.011530575897026602,117.0,12.0,12.0
14121532,47.79383567314637,94354,5391.0,5161.0,5185.6844931245005,5178.287145602642,0.00886548612004199,88.0,0.009260576569104121,80.0,0.009216495090766585,87.0,0.00922966114649175,84.0,8.0,8.0
14235907,51.163267896228184,63451,2055.0,1964.0,2004.750892471176,2000.3903591362596,0.02489696734609644,274.0,0.0260505437353504,262.0,0.025521010160599693,271.0,0.02557664191019185,267.0,12.0,12.0
26321366,5.166530946932053,42947,947.0,679.0,807.6655936472996,757.3982185398512,0.0054556820981331074,45.0,0.007609029376924967,60.0,0.0063968689363140445,50.0,0.006821419460019777,56.0,-15.0,15.0
15746419,28.46021660860144,45738,841.0,762.0,793.3295598799984,781.2825685730412,0.03384092343472228,312.0,0.03734936562808588,300.0,0.035874393250777674,313.0,0.0364275586751949,309.0,12.0,12.0
27323540,1.5410198399273096,21846,356.0,323.0,339.2072486993888,335.36486434052216,0.004328707415526151,38.0,0.004770959256740897,39.0,0.004543003859251214,38.0,0.004595054532494471,39.0,-1.0,1.0
9500303,9.841154102590462,11140,170.0,171.0,178.96174123363693,178.26483326672633,0.05788914177994389,335.0,0.057550608787078725,325.0,0.054990267946391426,330.0,0.05520524672337235,328.0,10.0,10.0
11500306,7.034574794922971,41625,501.0,444.0,476.5919354996155,461.6379729050868,0.01404106745493607,164.0,0.015843636925502187,167.0,0.014760163298920628,164.0,0.015238293225001415,166.0,-3.0,3.0
30535894,27.457551164019485,72504,1928.0,1939.0,1932.2715460805957,1930.1072883660433,0.014241468446068198,168.0,0.014160676206301952,144.0,0.014209985765051586,155.0,0.014225919631267762,154.0,24.0,24.0
15568932,2.8443324975520317,22990,537.0,514.0,533.6318417637417,531.2057453572154,0.0052967085615494075,44.0,0.005533720812358038,43.0,0.0053301401358491676,43.0,0.0053544836862397405,43.0,1.0,1.0
20938751,17.763486637588127,35375,1435.0,1511.0,1476.0887892660876,1478.5128808675395,0.012378736332814026,139.0,0.011756112930237013,113.0,0.012034158627016024,126.0,0.012014428056362374,122.0,26.0,26.0
4293600,3.292388468643866,29383,324.0,209.0,273.0151344831435,253.11926406649957,0.010161692804456376,108.0,0.015753054873894095,166.0,0.012059362477749908,127.0,0.013007261540468483,136.0,-58.0,58.0
3828354,7.396931027813069,18815,701.0,659.0,681.756031411286,679.4943529891195,0.01055197008247228,110.0,0.011224478039170059,104.0,0.010849821177967239,108.0,0.010885934511852394,107.0,6.0,6.0
16321090,9.134272433278229,28296,777.0,570.0,709.1834339001074,680.5573543721378,0.011755820377449457,130.0,0.01602503935662847,169.0,0.012879985623810897,140.0,0.0134217525893982,143.0,-39.0,39.0
3466867,4.629633887762659,10309,834.0,907.0,876.0722254167616,886.3931620551843,0.005551119769499591,46.0,0.005104337252219029,40.0,0.005284534486366427,41.0,0.005223002710251538,41.0,6.0,6.0
30175072,9.610946726255849,17378,252.0,226.0,246.35697573893952,239.7648023354858,0.038138677485142256,317.0,0.04252631294803473,312.0,0.03901227760012938,317.0,0.04008489416560791,316.0,5.0,5.0
31736975,5.581243743006437,34923,892.0,843.0,866.588925879429,856.2604281699209,0.006256999711890625,54.0,0.006620692459082369,52.0,0.006440474342944664,52.0,0.006518161483808365,52.0,2.0,2.0
17321082,36.74146963824855,90065,1484.0,1299.0,1405.3120280874107,1372.4205499379796,0.024758402721191747,273.0,0.028284426203424598,271.0,0.026144705875927526,276.0,0.026771290797058468,276.0,2.0,2.0
8710016,5.045278410500342,29496,897.0,811.0,841.7663571780877,833.1019336673282,0.005624613612597929,47.0,0.006221058459309916,47.0,0.005993680274196254,48.0,0.006056015724619609,47.0,0.0,0.0
30328739,10.60709099879477,16396,176.0,73.0,125.86355643189988,110.37679125105842,0.060267562493152106,338.0,0.14530261642184616,343.0,0.08427452154932454,340.0,0.09609892513244317,342.0,-5.0,5.0
787943,13.482769659257585,36050,579.0,591.0,594.7271272233684,589.5835015124062,0.023286303383864566,263.0,0.02281348504104498,236.0,0.022670513992198826,250.0,0.02286829537236275,249.0,27.0,27.0
32398755,5.245194592640727,21474,341.0,267.0,294.6339927983418,284.0813882729511,0.01538180232445961,179.0,0.0196449235679428,203.0,0.017802408143145685,200.0,0.01846370374535427,203.0,-24.0,24.0
9100692,6.672558512401219,40265,6250.0,7122.0,6598.284076893506,6754.11099869039,0.001067609361984195,8.0,0.0009368939219883767,7.0,0.0010112566289420327,8.0,0.0009879255039923116,7.0,1.0,1.0
23852329,54.43829981482116,112773,1865.0,1392.0,1716.6265941338743,1609.759019858524,0.02918943689802743,300.0,0.03910797400490026,306.0,0.031712371229043,298.0,0.03381767031167531,304.0,-6.0,6.0
28729609,4.259967989595899,12652,286.0,363.0,309.4751418481544,321.11228033296715,0.014894992970615032,174.0,0.011735449007151236,112.0,0.013765137852933191,150.0,0.013266287994899047,139.0,62.0,62.0
6336377,2.148790019919542,11017,105.0,62.0,79.78382745883134,71.41028484893681,0.02046466685637659,240.0,0.034657903547089385,294.0,0.026932651495421466,282.0,0.030090763878972738,290.0,-54.0,54.0
10383101,2.726129212108673,11380,233.0,203.0,228.9861617596468,221.4890418905096,0.011700125373856967,127.0,0.013429207941422034,136.0,0.01190521379615127,124.0,0.012308190007234316,129.0,-9.0,9.0
8403848,18.17168056856678,85868,1435.0,1174.0,1329.7464544255965,1283.366626660369,0.012663192033844447,144.0,0.015478433192987038,158.0,0.013665522858202547,147.0,0.014159383757589128,153.0,-14.0,14.0
24045154,3.4832393506027053,10092,162.0,172.0,168.4188157556637,169.30787997715262,0.021501477472856207,251.0,0.020251391573271542,208.0,0.02068200833127856,234.0,0.020573403618737378,228.0,43.0,43.0
18436526,1.7458908127703805,23430,249.0,176.0,193.56165625284936,183.54334977902406,0.007011609689840885,60.0,0.009919834163468071,92.0,0.009019817491588962,83.0,0.009512144214826282,88.0,-32.0,32.0
22233130,6.886885671903251,17524,136.0,109.0,125.92293753667091,120.6319452624094,0.050638865234582726,331.0,0.06318243735691055,328.0,0.054691272349786726,329.0,0.05709006562832325,329.0,3.0,3.0
29531983,0.5601734460931371,13563,1246.0,1486.0,1342.5421373835188,1378.6791363116486,0.0004495774045691309,2.0,0.0003769673257692713,2.0,0.00041724831608254734,2.0,0.00040631168728044834,2.0,0.0,0.0
10491643,2.606021708247807,21645,242.0,192.0,229.06000035637726,224.138886067969,0.01076868474482565,114.0,0.013573029730457329,137.0,0.011377026561570303,118.0,0.011626816542032533,118.0,-23.0,23.0
5121547,15.409887441870046,20336,576.0,485.0,551.7691978525216,543.8222568517165,0.026753276808802164,291.0,0.031772963797670195,284.0,0.027928140066254374,287.0,0.028336257385051907,283.0,7.0,7.0
24126625,9.070622382884196,53878,1113.0,826.0,964.7584615659721,925.780546093226,0.008149705644999278,80.0,0.010981383030126145,99.0,0.009401961987626401,90.0,0.009797810529895045,94.0,-19.0,19.0
22723823,1.9733038449059677,15298,136.0,85.0,112.67470410484822,105.62787011753254,0.01450958709489682,170.0,0.023215339351834913,239.0,0.01751328180165205,197.0,0.018681658947683644,204.0,-69.0,69.0
18498193,3.956417640283649,15383,126.0,123.0,126.36577002952458,125.97076761680542,0.03140014000225118,308.0,0.03216599707547682,286.0,0.03130925122649319,297.0,0.031407426620744305,295.0,22.0,22.0
24843279,3.0348673612785606,10357,430.0,481.0,453.14560153980716,465.7866089159133,0.007057831072740839,62.0,0.006309495553593681,49.0,0.0066973338171350625,55.0,0.006515574521006536,51.0,13.0,13.0
20695010,1.0743737445160444,19406,205.0,179.0,187.2966919280988,187.27848864795624,0.005240847534224607,43.0,0.006002087958190192,45.0,0.005736213135726311,45.0,0.00573677068985557,45.0,-2.0,2.0
3291800,7.670265144967384,25744,384.0,353.0,365.7473046242701,361.43080749724743,0.01997464881501923,237.0,0.021728796444666812,222.0,0.020971487822301245,237.0,0.021221946181291695,234.0,15.0,15.0
29091102,1.730994711996664,11139,111.0,101.0,110.3149894575046,106.1712496208737,0.0155945469549249,184.0,0.017138561504917466,177.0,0.01569138265351941,173.0,0.016303798986805403,178.0,7.0,7.0
17288262,6.724338573129613,18009,336.0,284.0,311.235745413299,302.1626146688925,0.02001291242002861,239.0,0.023677248496935255,241.0,0.021605290112805545,243.0,0.022254038874061542,244.0,-2.0,2.0
21016759,1.9737006452313064,17174,465.0,512.0,479.513359345074,491.4444685277794,0.004244517516626465,37.0,0.0038548840727173953,33.0,0.004116049337868322,34.0,0.00401612139647013,34.0,4.0,4.0
2694554,1.5156237570360098,14572,466.0,520.0,489.8178577137596,497.49959384533236,0.003252411495785429,28.0,0.002914661071223096,27.0,0.003094259903283706,27.0,0.0030464824007619233,27.0,1.0,1.0
30881002,2.300148357165805,18892,2261.0,2736.0,2484.1844755468765,2567.4669038185466,0.0010173146205952257,6.0,0.00084069749896411,5.0,0.0009259168873356086,5.0,0.0008958823787542641,5.0,1.0,1.0
21765872,1.9109719156863327,12261,117.0,95.0,109.55770617523542,108.18894822019938,0.01633309329646438,195.0,0.02011549384932982,206.0,0.017442606115080306,196.0,0.017663282129306672,191.0,-11.0,11.0
19602309,18.906606233164855,114778,717.0,493.0,619.5388893264424,588.0241687111528,0.026369046350299657,287.0,0.038350114063214716,305.0,0.030517222661712105,295.0,0.03215277064989499,297.0,-18.0,18.0
716288,8.766629929391842,57379,416.0,342.0,373.9861071515257,363.25236048696064,0.02107362963796116,248.0,0.025633420846174974,259.0,0.02344105773383694,253.0,0.024133717720759396,258.0,-11.0,11.0
15654890,7.206038228139152,66911,856.0,649.0,747.3196674586002,719.3194201433599,0.008418268958106486,82.0,0.011103294650445536,102.0,0.009642511152750239,94.0,0.010017855804175276,98.0,-20.0,20.0
26998428,23.406448314348243,80051,1298.0,1076.0,1173.6189860072964,1139.9376642828008,0.01803270286159341,218.0,0.021753204753111748,223.0,0.019943822137692246,227.0,0.02053309496451682,226.0,-5.0,5.0
10960760,5.698250801668624,21748,566.0,442.0,519.1725168770834,498.95406697578676,0.010067580921676013,106.0,0.012891970139521773,129.0,0.010975640305354825,112.0,0.011420391532644123,116.0,-23.0,23.0
18095238,9.37285302576409,29947,584.0,510.0,566.0054768714194,562.9053382953456,0.016049405866034403,190.0,0.018378143187772727,189.0,0.016559650760929544,184.0,0.016650851196664856,182.0,1.0,1.0
12089529,4.9199884537052085,29711,738.0,642.0,707.614619984737,685.4105857787861,0.0066666510212807705,58.0,0.007663533416986306,63.0,0.006952920862222054,59.0,0.007178162339169238,59.0,-5.0,5.0
30676250,3.272395510160611,35243,203.0,159.0,190.45606380717183,183.84984754071223,0.01612017492689956,191.0,0.02058110383748812,212.0,0.0171818919531686,191.0,0.017799283240830334,194.0,-21.0,21.0
27118781,20.360785159839196,59614,1317.0,1302.0,1322.4622457341786,1318.3933964801586,0.01545997354581564,182.0,0.01563808384012227,163.0,0.015396118282783713,169.0,0.015443634058087926,168.0,19.0,19.0
17710664,9.968700478358588,30218,4016.0,4643.0,4231.683345119021,4327.36265483587,0.0024822461350494495,20.0,0.0021470386556878287,20.0,0.0023557293080203774,22.0,0.0023036434136663978,21.0,0.0,0.0
21640043,12.207199584256951,51890,647.0,598.0,647.1764554698315,637.8351480006805,0.018867387301788177,226.0,0.020413377231198914,210.0,0.018862243026741256,213.0,0.019138486837109715,213.0,16.0,16.0
19129839,41.17024909656829,90154,1621.0,1324.0,1477.8471749376179,1427.0657259849293,0.02539805619775959,280.0,0.031095354302544027,281.0,0.027858258820507707,286.0,0.028849581590331793,284.0,-1.0,1.0
25998432,2.5658987618556908,44748,186.0,170.0,175.54223940805824,173.11393956693982,0.013795154633632746,156.0,0.015093522128562888,153.0,0.014616987743281027,162.0,0.01482202281499987,159.0,3.0,3.0
2869134,3.4419285646992357,55796,8563.0,10330.0,9085.51191873496,9329.439090146696,0.0004019535869087044,1.0,0.0003331973441141564,1.0,0.000378837053485312,1.0,0.0003689319938145515,1.0,0.0,0.0
6442596,8.016704616563738,23825,544.0,488.0,519.5182083185397,507.8042534010627,0.014736589368683342,173.0,0.016427673394597823,173.0,0.015431036849527208,170.0,0.015786997771033165,173.0,0.0,0.0
25064375,2.568007940923332,11605,148.0,113.0,127.79119810582321,119.00593354348139,0.01735140500623873,209.0,0.022725733990471963,233.0,0.020095342863886277,229.0,0.021578822706222918,238.0,-24.0,24.0
22891668,2.39335985864804,16362,142.0,131.0,136.16093073593075,136.51952851418918,0.016854646891887606,203.0,0.018269922585099543,187.0,0.017577434626160862,198.0,0.017531263729784165,188.0,16.0,16.0
27777499,6.801279144352223,27804,1671.0,1619.0,1606.2207466388452,1604.211361756542,0.004070185005596782,35.0,0.004200913616029786,35.0,0.004234336506102591,36.0,0.004239640303323321,35.0,0.0,0.0
23817046,17.500509020411997,88474,2993.0,2906.0,2926.5868565436886,2915.649365091507,0.005847146348283327,49.0,0.006022198561738471,46.0,0.0059798358559841865,46.0,0.006002268047023119,46.0,3.0,3.0
29614011,15.350545247489402,37818,492.0,533.0,537.5684755829384,551.723480868452,0.031200295218474394,305.0,0.02880027250936098,276.0,0.028555516077916017,288.0,0.027822896396083326,281.0,29.0,29.0
27614018,2.6578988259587364,18027,289.0,219.0,253.75929104344044,248.01505041865508,0.009196881750722271,92.0,0.012136524319446285,119.0,0.010474094623411196,106.0,0.010716683610418571,106.0,-27.0,27.0
29345613,8.16988117685878,20671,259.0,234.0,252.82381554928293,251.14405629326558,0.03154394276779452,310.0,0.03491402212332812,296.0,0.032314523689585824,302.0,0.03253065709553826,299.0,14.0,14.0
12843318,23.99577814640566,54739,862.0,845.0,878.7206219688678,872.0664265767278,0.02783732963620146,296.0,0.028397370587462317,273.0,0.027307630601226297,284.0,0.027515998111061802,280.0,23.0,23.0
9810200,5.101300851961863,29866,405.0,366.0,390.10129311279553,386.8813614886796,0.012595804572745341,142.0,0.013937980469841156,140.0,0.013076862194575836,141.0,0.013185698148736304,138.0,2.0,2.0
28920697,7.644825648203219,18393,372.0,402.0,398.5343098235093,404.0028317188474,0.020550606581191448,241.0,0.019016979224386117,196.0,0.019182352584872116,217.0,0.01892270312977258,211.0,45.0,45.0
26389108,4.447904440980816,13571,142.0,105.0,127.0473950809689,124.39751035213912,0.03132327071113251,307.0,0.04236099467600777,311.0,0.03500980431866478,311.0,0.03575557443545196,308.0,-4.0,4.0
20097969,3.628462262314988,18568,281.0,243.0,272.5764470800418,264.89907670446684,0.012912677090088925,146.0,0.014931943466316822,151.0,0.013311723375899361,144.0,0.013697527025973976,148.0,-5.0,5.0
3313894,4.314384600419,11754,74.0,65.0,70.25574265118865,68.66510885619502,0.05830249460025676,336.0,0.06637514769875386,329.0,0.06140970741480028,334.0,0.06283226914348296,333.0,7.0,7.0
20377297,13.296833666021977,20407,149.0,87.0,123.13969141251094,112.38969018218536,0.08924049440283206,344.0,0.15283716857496524,344.0,0.10798170365295412,344.0,0.11831008382056762,344.0,0.0,0.0
23644447,3.2220678574051975,11664,1164.0,1291.0,1217.7767729824977,1234.8624329398701,0.0027680995338532624,24.0,0.0024957922985322984,24.0,0.002645860825144434,24.0,0.0026092524733579707,24.0,0.0,0.0
10474106,21.967018502751852,39851,2788.0,3115.0,2943.9077490997174,2997.5343489803363,0.007879131457228067,74.0,0.007052012360433981,56.0,0.007461856951689343,66.0,0.0073283625624588145,62.0,18.0,18.0
22431924,3.35411321106563,16858,247.0,228.0,238.26679589393504,233.90768629208821,0.013579405712816317,155.0,0.01471102285555101,149.0,0.01407713231078459,153.0,0.014339474107222106,155.0,6.0,6.0
20817326,4.362921778285676,36496,445.0,387.0,418.41362498451997,409.6848805606079,0.00980431860288916,102.0,0.011273699685492702,106.0,0.010427293753751662,104.0,0.010649457632694441,104.0,-4.0,4.0
4913658,2.169001043507367,11225,610.0,592.0,602.8886299940175,599.4001184331993,0.003555739415585848,30.0,0.003663853114032715,32.0,0.003597681123176747,30.0,0.003618619644548992,31.0,-2.0,2.0
23377306,3.5970988109141286,15433,228.0,209.0,224.67762227222542,225.05429283780984,0.015776749170676004,186.0,0.01721099909528291,178.0,0.01601004485687403,176.0,0.015983249044293744,174.0,8.0,8.0
2073328,1.4604535415683568,14469,850.0,1002.0,916.1110190668384,943.8465235205991,0.0017181806371392434,16.0,0.0014575384646390787,16.0,0.0015941883801987146,16.0,0.0015473421845331222,16.0,0.0,0.0
18443077,2.0404816976269258,16784,200.0,167.0,186.29748649010997,179.10443031072856,0.01020240848813463,109.0,0.012218453279203149,121.0,0.010952813889602581,109.0,0.011392692487209227,115.0,-12.0,12.0
13462155,5.053619726389183,11683,253.0,222.0,238.4975813762899,236.3581725268995,0.019974781527229972,238.0,0.022764052821572896,235.0,0.02118939612396248,239.0,0.021381193095043244,236.0,3.0,3.0
5121533,5.5126257086600265,11685,419.0,294.0,370.292282983899,362.0064098313733,0.013156624603007223,151.0,0.01875042758047628,193.0,0.014887228176180291,165.0,0.015227978176485524,165.0,-42.0,42.0
10341182,139.16245501546467,437385,20767.0,20898.0,20771.88356978264,20806.48609854577,0.006701134252201313,59.0,0.0066591279077167515,53.0,0.006699558783292414,56.0,0.006688416984797407,54.0,6.0,6.0
30801593,25.59630466605326,431587,11320.0,10656.0,10977.72608228243,10854.01476819989,0.002261157656011772,18.0,0.002402055618060554,23.0,0.002331658166199335,21.0,0.0023582338160295633,23.0,-5.0,5.0
16922675,5.774257221155221,40899,3699.0,3987.0,3770.2846198608254,3826.810271973522,0.0015610319603014925,14.0,0.0014482711866454028,15.0,0.0015315175917324695,14.0,0.0015088956103845154,14.0,-1.0,1.0
13166099,7.471641164975334,63938,796.0,494.0,675.3720851780656,618.0262910026981,0.009386483875597153,96.0,0.015124779686184886,154.0,0.011062999684100645,113.0,0.012089519934262334,124.0,-58.0,58.0
30368132,48.59824997301851,71181,1966.0,2013.0,2007.3781809502916,2029.66712674126,0.02471935400458724,272.0,0.024142200682075763,249.0,0.02420981279671583,262.0,0.02394395087387833,257.0,23.0,23.0
13422843,14.285924038998084,110601,746.0,599.0,698.859912085159,674.4578917435763,0.019150032223858023,232.0,0.02384962276961283,244.0,0.02044175634051433,233.0,0.021181343140736032,233.0,-12.0,12.0
32452111,21.754784306018,138682,3003.0,2657.0,2937.192457914738,2888.9606768242234,0.007244350418254412,67.0,0.008187724616491532,66.0,0.007406659460600285,65.0,0.007530315133929964,65.0,1.0,1.0
24389111,21.321479726278483,56560,1002.0,860.0,923.6130008425599,904.7871835435624,0.021278921882513457,249.0,0.02479241828637033,254.0,0.023084863148123837,252.0,0.023565187608840535,254.0,-5.0,5.0
20640037,5.598069060909959,24747,231.0,235.0,237.1494257801076,237.69802029880708,0.02423406519874441,269.0,0.023821570471957272,243.0,0.023605661462156202,256.0,0.02355118083807639,253.0,26.0,26.0
16823030,24.74763388712535,92453,2591.0,2545.0,2537.277117190769,2543.710888922753,0.00955138320614641,98.0,0.009724021173723124,87.0,0.00975361883786881,95.0,0.00972894914862193,93.0,11.0,11.0
28874676,8.346657896082947,48067,400.0,142.0,256.4926029713221,220.8192233964356,0.020866644740207368,245.0,0.05877928095833061,326.0,0.032541515035488834,304.0,0.03779860180514373,311.0,-81.0,81.0
5544859,6.6402158735935775,50808,6946.0,7371.0,7143.652470445524,7170.099302007831,0.0009559769469613558,5.0,0.0009008568543743831,6.0,0.0009295267233484906,6.0,0.0009260981743633771,6.0,-1.0,1.0
4406179,6.919624688380358,13924,352.0,359.0,360.6146643058646,354.9191345083138,0.019658024682898744,236.0,0.01927472058044668,198.0,0.01918841736982526,218.0,0.019496341604592383,218.0,38.0,38.0
12288258,3.886020182322441,14596,202.0,151.0,169.68616329718657,163.22555322544218,0.01923772367486357,233.0,0.025735232995512853,260.0,0.0229012201514422,251.0,0.023807670462940248,255.0,-27.0,27.0
7289590,14.245983902250478,77518,1162.0,1017.0,1086.7443408057293,1062.776688280293,0.01225988287629129,138.0,0.014007850444690734,141.0,0.013108864125014243,142.0,0.013404494151355804,142.0,-3.0,3.0
12700454,9.653701396169511,38880,952.0,816.0,871.7571974755366,851.3782237083369,0.010140442643035201,107.0,0.0118305164168744,115.0,0.011073841918512425,114.0,0.011338910401209244,112.0,-8.0,8.0
27385784,1.8157927722659857,17125,119.0,112.0,121.91327626154225,121.16979454046462,0.01525876279215114,178.0,0.016212435466660586,171.0,0.014894134814083252,166.0,0.014985523241599638,162.0,7.0,7.0
4407386,0.5682618415133791,13437,117.0,86.0,94.9152783711569,92.40911655071656,0.004856938816353668,41.0,0.0066076958315509195,51.0,0.005987042879348116,47.0,0.006149413204285986,48.0,-10.0,10.0
24316983,8.713309190099334,35336,613.0,574.0,599.3439430418022,598.8191906796914,0.014214207487927136,166.0,0.015179981167420442,155.0,0.014538078329243432,160.0,0.014550818219785624,158.0,11.0,11.0
4814007,7.0790489829426155,48054,155.0,132.0,156.2481505843104,153.08813051960078,0.0456712837609201,325.0,0.053629158961686484,322.0,0.04530644974977039,323.0,0.046241658049617655,322.0,3.0,3.0
9100691,7.103154743856768,42272,4274.0,5043.0,4570.661324354861,4695.052644036113,0.0016619454243932542,15.0,0.0014085176965807592,14.0,0.0015540759290143561,15.0,0.001512902044427456,15.0,1.0,1.0
13365547,11.68469108973918,38776,1757.0,1858.0,1819.4920209752597,1837.6719750876402,0.006650364877483882,57.0,0.006288854192539925,48.0,0.00642195236639516,51.0,0.006358420462488648,50.0,9.0,9.0
8980585,12.588861979078285,51909,998.0,954.0,984.0198827529629,975.9652728246566,0.012614090159397079,143.0,0.0131958720954699,133.0,0.012793300419762661,138.0,0.012898883115629072,135.0,10.0,10.0
7462178,8.498739820372908,15098,108.0,68.0,90.75026476805456,84.97060596953372,0.07869203537382322,342.0,0.12498146794666042,342.0,0.09364975234060793,343.0,0.10001976240372039,343.0,0.0,0.0
9700343,2.566272623027193,10093,288.0,256.0,269.65173596689567,264.4792861880833,0.008910668829955531,90.0,0.010024502433699973,93.0,0.009516989066750331,91.0,0.009703113843109058,91.0,-3.0,3.0
8500299,16.291980452729977,20444,329.0,293.0,330.6886687866693,327.02052801757577,0.04951969742471118,330.0,0.05560402884890777,324.0,0.049266824026680214,326.0,0.04981944268603946,326.0,6.0,6.0
31129938,8.08624088117437,21258,441.0,448.0,453.89462503210495,454.8434152661621,0.018336147122844374,222.0,0.018049644824049933,185.0,0.017815238240819466,201.0,0.017778076168130343,193.0,37.0,37.0
6781040,2.721230467406501,26999,841.0,786.0,830.9869416644297,820.5587493289918,0.0032357080468567194,27.0,0.0034621252765986016,29.0,0.0032746970270748155,28.0,0.0033163139990058906,28.0,-2.0,2.0
6810200,4.2418939515681435,96929,4107.0,4252.0,4204.254541857409,4229.956722865937,0.0010328448871604926,7.0,0.000997623224733806,8.0,0.001008952695260479,7.0,0.0010028220687549065,8.0,-1.0,1.0
8877963,2.5832286234272477,12465,147.0,139.0,144.72396333135455,142.3157867691056,0.01757298383283842,211.0,0.018584378585807537,191.0,0.017849349644417797,203.0,0.01815138490305577,198.0,20.0,20.0
23530192,7.5912574492323746,15183,288.0,201.0,237.63011796449962,222.11316526346974,0.026358532809834634,285.0,0.037767449996180966,303.0,0.0319456873323038,300.0,0.034177431311771436,306.0,-18.0,18.0
30427825,4.343545770586559,14278,285.0,280.0,268.7028181002263,264.9179239989073,0.015240511475742312,177.0,0.015512663466380567,159.0,0.01616486868763101,179.0,0.01639581688177684,180.0,18.0,18.0
27888153,2.9295351804086613,15028,211.0,102.0,150.96864174801615,133.93992246116883,0.013884052987718774,161.0,0.028720933141261385,274.0,0.019404925065818562,221.0,0.021872008931899875,240.0,-113.0,113.0
15654897,13.068200986541376,53007,834.0,840.0,831.5101645842028,832.7260239112268,0.015669305739258243,185.0,0.015557382126834971,161.0,0.015716225180573876,174.0,0.01569327799455745,171.0,24.0,24.0
15073876,4.692324594871572,91735,602.0,440.0,523.4111553418586,495.4130896182895,0.007794559127693641,72.0,0.010664374079253571,96.0,0.008964892220928777,82.0,0.009471539394501986,87.0,-24.0,24.0
83677,13.077068665353666,42678,331.0,264.0,293.4261226389722,279.2372417137789,0.03950776031828902,319.0,0.04953435100512752,319.0,0.04456681820876435,322.0,0.046831391776738,324.0,0.0,0.0
7681481,0.7003411785702919,12175,112.0,75.0,87.98975752497235,81.70029031760984,0.006253046237234749,53.0,0.009337882380937225,81.0,0.007959348886392013,72.0,0.008572076988315658,78.0,-28.0,28.0
5044698,13.995507003739212,98550,1013.0,619.0,830.1498327448093,763.1902222617152,0.013815900299841274,157.0,0.02260986591880325,230.0,0.01685901321869142,186.0,0.018338163403435002,202.0,-73.0,73.0
25172774,0.8655043843552881,10909,121.0,79.0,97.20032320135583,90.16310997541666,0.007152928796324695,65.0,0.010955751700699849,98.0,0.008904336486231101,80.0,0.009599318219960152,90.0,-33.0,33.0
15422821,7.905285257002076,24946,844.0,910.0,874.263417280579,884.4267488496135,0.009366451726305777,95.0,0.008687126656046236,75.0,0.009042223545841239,84.0,0.008938315431192683,80.0,20.0,20.0
23695013,2.058951432369807,13902,122.0,105.0,125.41175193868895,120.35244730463513,0.016876651084998417,205.0,0.01960906126066483,202.0,0.016417531854402156,181.0,0.01710768229879203,184.0,3.0,3.0
28795043,4.149697443841888,42824,517.0,467.0,490.8426280786527,486.1926159225032,0.008026494088669029,77.0,0.008885861764115393,76.0,0.008454231980798824,77.0,0.00853508940272209,76.0,1.0,1.0
20730227,9.846425083100158,14033,417.0,341.0,390.59870196138036,380.9637007692237,0.02361253017530014,265.0,0.02887514687126146,277.0,0.02520854532710071,269.0,0.025846097838767124,269.0,-12.0,12.0
29175063,2.133492646645486,13020,158.0,106.0,128.85957764041532,119.86188697979648,0.013503118016743582,154.0,0.020127289119297037,207.0,0.016556725434868573,183.0,0.01779959168342728,195.0,-53.0,53.0
8710017,6.844471804541029,17525,420.0,437.0,419.957699779642,428.0813595255796,0.016296361439383403,193.0,0.01566240687537993,165.0,0.016298002889653943,180.0,0.015988717219844382,175.0,28.0,28.0
29874685,3.01748000600712,12173,73.0,55.0,81.43794147292076,77.02473374922282,0.04133534254804274,322.0,0.054863272836493095,323.0,0.03705250834478023,315.0,0.03917546817924011,315.0,-1.0,1.0
2716294,3.33800959442214,11203,162.0,154.0,159.2511697756667,159.9603342090173,0.020604997496432964,242.0,0.021675386976767144,221.0,0.02096065981257352,236.0,0.02086773330981181,231.0,21.0,21.0
27321366,21.520333339709243,110260,1557.0,1507.0,1545.691008134564,1533.964190258291,0.013821665600327066,158.0,0.01428024773703334,145.0,0.013922791312399053,152.0,0.014029227980925435,152.0,13.0,13.0
5281156,5.797766041285864,42222,397.0,425.0,406.1187829953085,413.72107640705593,0.014603944688377491,171.0,0.013641802450084386,138.0,0.014276035199664331,156.0,0.014013707233956584,150.0,33.0,33.0
28729624,5.878306524366555,19275,441.0,427.0,440.6299277206545,436.88358216164687,0.01332949325253187,152.0,0.013766525818188654,139.0,0.013340688306794303,145.0,0.013455086811185278,146.0,13.0,13.0
6697150,2.517263055724896,10818,134.0,127.0,130.2776265502642,129.7879112771555,0.018785545191976838,225.0,0.019820968942715716,205.0,0.01932229748408624,219.0,0.01939520430642734,215.0,20.0,20.0
804100,7.638002608972148,19100,763.0,815.0,793.5195486458692,799.581203821381,0.010010488347276735,104.0,0.009371782342297115,82.0,0.009625475039658821,93.0,0.00955250395140405,89.0,22.0,22.0
2865314,26.26434578374053,77647,1584.0,1477.0,1521.3880015338646,1504.9083650429707,0.016581026378624072,198.0,0.01778222463354132,182.0,0.017263410620604866,193.0,0.017452455175229614,186.0,16.0,16.0
28137208,12.605017502433084,67033,558.0,448.0,507.45934307879486,488.31678043343607,0.02258963710113456,257.0,0.028136199782216705,270.0,0.024839462854220937,266.0,0.025813197513394302,268.0,-13.0,13.0
18975823,82.15532610817334,217646,4870.0,4911.0,4916.3117082505,4926.50995421559,0.016869676818926763,204.0,0.016728838547785247,175.0,0.016710764285002757,185.0,0.016676171746668945,183.0,29.0,29.0
15398570,155.5724135597602,378464,9325.0,9517.0,9461.201886438283,9519.554685310877,0.016683368746354982,199.0,0.016346791379611245,172.0,0.01644319774877209,182.0,0.016342404524427576,179.0,27.0,27.0
26389107,10.602973120865256,41414,585.0,565.0,577.0700388037934,578.4288349651636,0.018124740377547445,221.0,0.018766324107726117,194.0,0.018373806311005374,209.0,0.01833064411718657,201.0,27.0,27.0
26998434,3.6372833124202617,16229,212.0,241.0,240.55167915307413,243.31454877169594,0.017156996756699346,208.0,0.015092461877262497,152.0,0.015120589992247323,167.0,0.014948893647264615,161.0,56.0,56.0
15661602,5.845592702984649,10586,157.0,55.0,106.1868228798856,88.17250983206966,0.0372330745413035,316.0,0.10628350369062999,337.0,0.05505007631311237,331.0,0.06629722477128035,335.0,-21.0,21.0
26091099,5.0695328651205,12603,258.0,235.0,237.7573452943188,236.1637116024369,0.019649352190389536,235.0,0.02157248027710851,219.0,0.021322297567063372,241.0,0.021466180518261255,237.0,16.0,16.0
18898397,13.319632291276111,33111,637.0,757.0,705.8339574689822,731.2984137207453,0.02090994080263126,246.0,0.01759528704263687,180.0,0.018870772864256025,214.0,0.01821367589669402,200.0,66.0,66.0
2736605,7.668561286836696,35116,654.0,628.0,660.2659265300261,653.7142919203321,0.011725628878955193,129.0,0.01221108485165079,120.0,0.011614352609619273,121.0,0.011730753605385853,119.0,9.0,9.0
16307476,5.191823430443025,10721,326.0,291.0,304.9831166997401,298.4187118650996,0.01592583874369026,188.0,0.0178413176303884,183.0,0.01702331423006095,187.0,0.017397781117659914,185.0,5.0,5.0
13770704,1.7313168072589882,12260,139.0,117.0,125.44659857318501,123.44476983104498,0.012455516598985526,140.0,0.01479757954922212,150.0,0.013801225596794043,151.0,0.014025031677150742,151.0,-10.0,10.0
18498853,3.3891195976741817,45093,307.0,258.0,279.6149185150196,275.41456862143826,0.011039477516854012,119.0,0.013136122471605356,132.0,0.012120668008964386,129.0,0.01230552041832101,128.0,-13.0,13.0
6886817,23.124655258279283,65388,1783.0,1882.0,1838.2251451289217,1854.6993072057494,0.012969520615972677,148.0,0.012287276970392818,122.0,0.012579881914659297,134.0,0.012468142500747681,131.0,26.0,26.0
8980571,9.511791668528096,62535,1068.0,1029.0,1065.183818414282,1057.1116628925831,0.008906171974277243,89.0,0.00924372368175714,79.0,0.008929718518150333,81.0,0.008997906278416136,81.0,10.0,10.0
24119481,1.3131119848922246,17834,184.0,134.0,165.19832133356078,160.57875644079985,0.00713647817876209,64.0,0.009799343170837497,89.0,0.007948700533347732,71.0,0.00817737049406237,74.0,-25.0,25.0
25998433,2.8036389859981217,27781,288.0,238.0,272.3768364151446,264.6900940620887,0.009734857590271255,101.0,0.011779995739487906,114.0,0.010293235735086299,101.0,0.010592156823747504,103.0,-13.0,13.0
2716286,9.248831769681866,36531,429.0,403.0,417.95436019339246,409.07210213516544,0.021559048414176843,252.0,0.022949954763478574,238.0,0.02212880795262507,246.0,0.022609294844129633,247.0,14.0,14.0
11772330,0.9545343500132336,11433,132.0,116.0,120.90751321126798,118.18854417736756,0.007231320833433588,66.0,0.008228744396665807,69.0,0.007894748015744283,70.0,0.008076369470976372,73.0,-3.0,3.0
9100689,17.621725778069667,52153,5571.0,6387.0,5787.0944471842795,5879.9349130531955,0.003163117174307964,26.0,0.0027589988692766037,25.0,0.003045004006569056,26.0,0.00299692531271906,26.0,1.0,1.0
25866075,0.7295523499238605,13349,104.0,89.0,96.98567583983875,92.66562324843204,0.007014926441575582,61.0,0.008197217414874837,67.0,0.007522269073307656,67.0,0.007872955734274469,68.0,-6.0,6.0
21294794,6.203260581118595,41035,1466.0,1441.0,1443.3337244502588,1441.0004159155833,0.004231419223136832,36.0,0.004304830382455652,36.0,0.004297869907724432,37.0,0.004304829139953554,37.0,0.0,0.0
12947794,5.660972664277995,24744,118.0,79.0,105.77353424419093,96.72061622145219,0.04797434461252539,328.0,0.07165788182630374,333.0,0.05351974579207081,328.0,0.058529121147414875,330.0,-5.0,5.0
11028540,1.0519896893094498,14355,275.0,232.0,250.94689817749355,245.2789027404225,0.0038254170520343627,33.0,0.0045344383159890075,37.0,0.0041920808623240385,35.0,0.00428895301453124,36.0,-4.0,4.0
408759,3.9016326851536207,18808,1696.0,1770.0,1740.6554797890367,1750.6637573241212,0.0023004909700198237,19.0,0.0022043122514992207,21.0,0.0022414732441060014,18.0,0.0022286590836365075,20.0,-2.0,2.0
14445192,3.5080484161256007,34519,437.0,405.0,418.8750827939868,412.3551849446532,0.008027570746282839,78.0,0.008661847941050866,74.0,0.008374927419234785,76.0,0.00850734644356771,75.0,4.0,4.0
13462158,8.580293013948483,18588,329.0,311.0,322.7491649917799,321.6188037909878,0.026079917975527302,283.0,0.027589366604335957,269.0,0.02658502002372962,279.0,0.026678455714687025,275.0,14.0,14.0
30175073,5.4539453412790655,10122,121.0,79.0,105.26057462734819,99.2602542022923,0.045073928440322854,324.0,0.06903728280100083,330.0,0.05181375230552896,327.0,0.05494591349891095,327.0,-6.0,6.0
604249,0.8532861787844003,13712,184.0,185.0,184.7228291185491,186.49437537985244,0.004637424884697827,39.0,0.00461235772315892,38.0,0.004619278423008501,39.0,0.004575399000889028,38.0,1.0,1.0
2865315,3.224512414571993,20016,137.0,109.0,127.59037754069155,122.21334307855602,0.023536586967678783,264.0,0.02958268270249535,279.0,0.025272379286938162,270.0,0.02638429105485927,274.0,-15.0,15.0
29513913,3.5819823252661527,10852,202.0,163.0,177.34411394778377,174.31671882919184,0.01773258576864432,214.0,0.021975351688749402,224.0,0.02019792055980393,231.0,0.020548702094238237,227.0,-10.0,10.0
18975813,8.854100538209801,45793,748.0,787.0,771.9261770656176,779.4289036307406,0.011837032805093317,132.0,0.011250445410685896,105.0,0.011470138986434656,120.0,0.011359728253552793,114.0,27.0,27.0
12407222,6.657457140732976,10793,131.0,134.0,142.57465351407612,143.88226009687511,0.05082028351704562,332.0,0.04968251597561923,320.0,0.04669453494464006,325.0,0.04627017351722546,323.0,12.0,12.0
8407229,2.39205235191908,10567,143.0,114.0,140.27713589591355,134.09078221006405,0.016727638824608954,200.0,0.02098291536771123,216.0,0.017052332417836054,189.0,0.017839051368734184,197.0,-16.0,16.0
5316929,1.5987749369343531,12876,138.0,111.0,125.61233776743853,119.66180912887974,0.01158532562995908,125.0,0.014403377810219397,146.0,0.012727849551644844,137.0,0.013360778585692444,141.0,-21.0,21.0
21307468,1.5310971525003771,11331,138.0,141.0,146.81970147473578,146.357982892447,0.011094906902176646,121.0,0.010858845053194165,97.0,0.010428417556507858,105.0,0.010461316302955083,101.0,24.0,24.0
1130498,8.219443580187125,23247,190.0,181.0,198.01618753996627,198.08187041993367,0.04326022936940592,323.0,0.04541129049827141,314.0,0.04150894773957895,320.0,0.04149518359636801,320.0,9.0,9.0
12042373,2.485089170076757,25557,205.0,186.0,197.81667415014016,196.3871824530762,0.012122386195496375,137.0,0.013360694462778263,135.0,0.012562586954579007,133.0,0.012654029346698998,134.0,2.0,2.0
604244,0.8131033724681931,14701,248.0,233.0,238.8892351029156,238.49673968111827,0.0032786426309201334,29.0,0.0034897140449278675,30.0,0.0034036836030635746,29.0,0.003409285064254345,29.0,-1.0,1.0
25675129,2.681952154079316,10596,95.0,68.0,74.84658901092351,70.73025328969635,0.02823107530609806,298.0,0.03944047285410759,307.0,0.03583265703247876,312.0,0.03791803407086074,312.0,-9.0,9.0
9610626,2.74500100317574,39029,1525.0,1788.0,1676.928570117893,1720.7192705421087,0.0018000006578201572,17.0,0.0015352354603891162,17.0,0.0016369218415682178,17.0,0.00159526370754884,17.0,0.0,0.0
24378636,23.87404294407448,123950,1136.0,1042.0,1072.9447710192476,1064.1789513476756,0.021015882873304997,247.0,0.022911749466482226,237.0,0.022250952321986945,247.0,0.02243423713073859,246.0,10.0,10.0
32368241,8.208406768007281,30140,887.0,892.0,887.6552430083655,892.534696266041,0.009254122624585435,93.0,0.009202249739918476,78.0,0.009247291482431905,88.0,0.009196736891403235,83.0,15.0,15.0
32368244,138.09642127198168,161056,16233.0,18070.0,17117.360013156056,17350.778102369055,0.008507141087413397,84.0,0.007642303335472146,61.0,0.00806762381382664,74.0,0.007959090967403137,69.0,23.0,23.0
14466837,3.8362905480174017,10023,185.0,187.0,192.4732406678103,192.29891181152354,0.02073670566495893,244.0,0.020514922716670596,211.0,0.019931552743160063,226.0,0.019949621721091357,222.0,33.0,33.0
19530182,35.31937156007898,107844,2514.0,1354.0,2029.7538661302806,1890.0808696913693,0.014049073810691717,165.0,0.026085207946882554,263.0,0.01740081501971234,195.0,0.01868669860980407,205.0,-98.0,98.0
6686701,68.87468581383519,194059,2742.0,2750.0,2777.558219802347,2803.305681920684,0.025118412040056597,277.0,0.025045340295940067,255.0,0.02479684685735817,264.0,0.024569095785032517,263.0,22.0,22.0
28351001,103.70091685005772,222470,6466.0,6816.0,6704.4160543534235,6740.653782913443,0.016037877644611464,189.0,0.015214336392320676,156.0,0.015467553924061874,171.0,0.015384400414233432,167.0,33.0,33.0
6686704,22.299840892911774,55657,908.0,825.0,869.2886132173306,859.5072478257995,0.024559296137568035,271.0,0.027030110173226395,267.0,0.0256529771054721,273.0,0.025944913145667145,270.0,4.0,4.0
5177431,2.1706483950140494,17900,115.0,91.0,102.1157902256714,99.90107107051458,0.018875203434904776,227.0,0.023853279066088456,245.0,0.02125673600739917,240.0,0.02172797920736916,239.0,-18.0,18.0
8892339,6.482180703547291,28793,700.0,588.0,628.0181010875078,607.9244409471012,0.009260258147924702,94.0,0.011024116842767502,101.0,0.010321646290644203,102.0,0.010662806538010768,105.0,-7.0,7.0
22451482,3.7615249409284823,11991,107.0,85.0,101.30434726450441,98.34195927470142,0.03515443870026619,313.0,0.044253234599158614,313.0,0.037130933099121466,316.0,0.03824944071351382,314.0,0.0,0.0
1341195,1.0556225096855962,13543,181.0,128.0,153.2493350657058,145.83216530157162,0.005832168561798874,48.0,0.00824705085691872,70.0,0.006888268123532132,58.0,0.007238612328786562,61.0,-22.0,22.0
22391321,12.286487638261775,23606,555.0,514.0,555.9231592381278,552.2186122550744,0.022137815564435632,256.0,0.02390367244798011,246.0,0.022101053777108248,245.0,0.022249318233023525,243.0,10.0,10.0
30501159,7.0375230734979795,12120,433.0,346.0,388.3556339845074,375.6717926204106,0.016252940123551916,192.0,0.020339662062132887,209.0,0.01812133636711635,206.0,0.018733168717324732,206.0,-17.0,17.0
20458055,5.783582835773126,22704,249.0,167.0,212.80466301958668,199.6890686337589,0.023227240304309744,262.0,0.03463223254953968,293.0,0.02717789522892551,283.0,0.028962941613897484,285.0,-31.0,31.0
15491650,10.927882020928292,24952,606.0,596.0,612.2491141790401,613.0735787394901,0.018032808615393223,219.0,0.01833537251833606,188.0,0.017848751052227167,202.0,0.017824747958306346,196.0,31.0,31.0
32009848,9.257886966564486,133533,1246.0,1122.0,1180.5083762087313,1160.596792828644,0.007430085847965077,69.0,0.00825123615558332,71.0,0.007842288248980247,69.0,0.00797683314633402,70.0,-2.0,2.0
1586481,11.170600922579512,19068,147.0,102.0,123.87474943008007,116.8717610529781,0.07599048246652729,340.0,0.10951569531940698,340.0,0.09017657734100727,342.0,0.09557998289694519,341.0,0.0,0.0
28739284,36.57885110528225,61486,1577.0,1502.0,1534.1697969688207,1530.8374607434093,0.02319521312953852,261.0,0.0243534294975248,250.0,0.023842765760057293,260.0,0.02389466683649009,256.0,11.0,11.0
13661608,13.117610392190208,65598,741.0,698.0,726.3435428649186,721.7354064651634,0.017702578127112293,213.0,0.018793138097693708,195.0,0.018059787990198667,204.0,0.01817509612897641,199.0,18.0,18.0
14104561,4.9172391872974295,10170,125.0,105.0,114.0850893619623,110.75501595075339,0.03933791349837944,318.0,0.046830849402832664,315.0,0.04310150620732135,321.0,0.04439744010766838,321.0,3.0,3.0
6686703,9.667084221589832,17029,307.0,282.0,291.2640677511878,288.81065540569864,0.031488873685960365,309.0,0.0342804405020916,292.0,0.03319010235704026,306.0,0.03347204834949828,303.0,17.0,17.0
27589150,10.454505618478528,39009,989.0,1072.0,1021.4890924580578,1040.202746126983,0.010570784245175458,111.0,0.009752337330670269,88.0,0.010234573913384972,100.0,0.010050449931423554,100.0,23.0,23.0
8867068,6.273922678564817,41027,1311.0,1166.0,1241.676507073011,1224.013083507068,0.0047856008227039025,40.0,0.005380722708889208,42.0,0.005052783589627752,40.0,0.005125699033043538,40.0,-2.0,2.0
15959625,3.5819050967495047,24759,232.0,213.0,223.71932222936107,223.26180316135617,0.0154392461066789,181.0,0.01681645585328406,176.0,0.0160107095849203,177.0,0.01604351951847663,176.0,5.0,5.0
14458654,23.84763589207818,36130,2172.0,2274.0,2259.223740835924,2271.0016888028704,0.010979574535947598,117.0,0.010487087023781082,95.0,0.010555676917264703,107.0,0.01050093269840286,102.0,22.0,22.0
13104554,2.594179779745041,10413,159.0,125.0,143.27200871017388,138.43709096819418,0.016315596099025415,194.0,0.020753438237960328,214.0,0.018106675568378666,205.0,0.018739051518650098,207.0,-20.0,20.0
24391301,1.3965910765087826,10648,101.0,90.0,91.05694221159966,90.10942067068052,0.013827634420879035,159.0,0.015517678627875361,160.0,0.015337557385392544,168.0,0.015498835372750324,169.0,-1.0,1.0
28389117,3.9282927799336305,19759,160.0,155.0,153.4656729975513,156.25370013189166,0.02455182987458519,270.0,0.025343824386668583,257.0,0.025597208178250456,272.0,0.02514047844382444,265.0,13.0,13.0
8892341,9.619569067107983,26370,663.0,686.0,658.1562547776642,665.9136971127607,0.014509153947372525,169.0,0.014022695433102016,142.0,0.01461593504168342,161.0,0.014445669324442623,157.0,27.0,27.0
12100671,6.6833686610369725,39019,289.0,304.0,319.68033453504324,320.6926646627931,0.02312584311777499,259.0,0.021984765332358464,225.0,0.020906411621339015,235.0,0.02084041637829323,230.0,34.0,34.0
20717215,4.209321963176341,15868,114.0,121.0,136.91613595182164,133.16243079507828,0.036923876869967905,314.0,0.034787784819639185,295.0,0.03074379753645346,296.0,0.0316104319967995,296.0,19.0,19.0
2144729,1.3531199323431402,15177,379.0,343.0,356.1971369192023,350.5919932592076,0.0035702372885043276,31.0,0.003944956070971254,34.0,0.0037987950831004967,33.0,0.0038595289064194942,33.0,-3.0,3.0
31772643,43.04398073002249,195759,4898.0,4584.0,4741.920571450735,4710.3622231677355,0.00878807283177266,87.0,0.009390048152273667,83.0,0.009077330605066143,85.0,0.0091381466415284,82.0,4.0,4.0
25419531,6.814144875413578,52053,524.0,437.0,462.90245028770033,452.9549747486856,0.013004093273690034,150.0,0.01559300886822329,162.0,0.014720477005854023,163.0,0.015043757669720464,163.0,-12.0,12.0
14661605,78.52309191120005,125045,3255.0,2916.0,3272.7018594837064,3217.0871688947973,0.024123837760737343,267.0,0.026928357994238702,266.0,0.023993353285040046,261.0,0.024408133130622005,261.0,1.0,1.0
5871888,0.2231399999999925,22314,437.0,334.0,377.1123165639007,360.240828880941,0.0005106178489702346,3.0,0.0006680838323353069,4.0,0.0005917070066370585,4.0,0.0006194189611798275,4.0,-1.0,1.0
21096019,4.576331945627613,22209,182.0,96.0,133.13409549251887,124.433950784876,0.02514468101993194,278.0,0.047670124433620974,316.0,0.03437385388542163,309.0,0.03677719719386931,310.0,-38.0,38.0
25920690,12.749021966214851,55096,5055.0,5645.0,5331.442103157931,5423.5244627981865,0.002522061714384738,21.0,0.0022584627043781844,22.0,0.0023912895834812356,23.0,0.002350689492352208,22.0,-1.0,1.0
15184511,153.82655881254266,256102,18499.0,19311.0,18979.861291488272,19108.934725706866,0.008315398606008035,81.0,0.007965747957772391,65.0,0.008104725132081332,75.0,0.008049980860817055,72.0,16.0,16.0
26852339,17.183101768317027,159742,1506.0,1446.0,1516.1353887592434,1514.1074012822562,0.011409762130356592,124.0,0.011883196243649396,116.0,0.01133348769226944,117.0,0.011348667705979858,113.0,8.0,8.0
21257831,5.237176133614335,21605,296.0,290.0,303.0075950630478,299.6110219009884,0.017693162613561943,212.0,0.018059228046945985,186.0,0.01728397643803159,194.0,0.01747991812979781,187.0,26.0,26.0
13947795,26.180529385510535,57717,472.0,369.0,420.34269447985287,404.51931880641746,0.055467223274386725,333.0,0.0709499441341749,332.0,0.06228377399994369,335.0,0.0647200965896,334.0,1.0,1.0
10321103,14.078519310998834,22396,295.0,132.0,219.58496933757095,191.16450969851576,0.047723794274572316,327.0,0.10665544932574875,338.0,0.06411422126691985,336.0,0.07364609326910089,336.0,-11.0,11.0
5867090,4.29893123036852,62059,706.0,639.0,688.3731243084883,678.8358403965375,0.006089137720068726,52.0,0.006727591909809891,54.0,0.006245059661047999,49.0,0.006332799440667906,49.0,-2.0,2.0
12002431,1.7334514071255065,11658,219.0,210.0,216.64605317129465,216.63450904942127,0.007915303228883591,75.0,0.00825453051012146,72.0,0.008001306193909406,73.0,0.008001732571286927,71.0,3.0,3.0
9095251,6.600025452373162,31811,869.0,862.0,901.1083277222752,894.2093074372351,0.007594965998127919,70.0,0.007656642056117357,62.0,0.007324341868037106,63.0,0.007380850766682967,63.0,8.0,8.0
7121544,39.56847093062809,126687,1809.0,1601.0,1756.298647221173,1715.1125080957338,0.021873118259053668,254.0,0.024714847551922603,252.0,0.02252946615499225,249.0,0.023070481233071073,250.0,2.0,2.0
828346,1.557259715548444,10610,93.0,62.0,74.10560078746578,68.24016029380967,0.01674472812417682,201.0,0.025117092186265226,256.0,0.021014062351571123,238.0,0.022820282203963538,248.0,-55.0,55.0
16184517,8.138200411181556,56866,6328.0,7351.0,6681.433699433277,6811.154084629912,0.0012860620118807769,9.0,0.0011070875270278269,9.0,0.0012180320537898688,9.0,0.0011948342835975865,10.0,0.0,0.0
946549,2.113092489557416,14323,230.0,192.0,219.585313734326,211.39449722416825,0.009187358650249635,91.0,0.011005690049778208,100.0,0.009623104813439502,92.0,0.00999596733739307,97.0,-9.0,9.0
11803618,2.420344935362923,15887,376.0,336.0,346.55190533206,341.0621639629271,0.006437087594050327,55.0,0.007203407545722985,57.0,0.006984076261372134,60.0,0.007096492050716041,58.0,-2.0,2.0
27729624,9.321758951248087,23205,342.0,294.0,325.96239436876147,315.88494486841637,0.027256605120608443,294.0,0.03170666309948329,283.0,0.028597651484613823,289.0,0.029509981728097608,286.0,11.0,11.0
12987593,4.978226113680945,13196,44.0,30.0,40.300280683368904,38.58560357058384,0.11314150258365784,346.0,0.1659408704560315,345.0,0.12352832360632555,345.0,0.12901770746113583,345.0,1.0,1.0
5700346,3.260837529529338,13267,182.0,82.0,131.11290285094074,108.17843969800306,0.017916689722688672,217.0,0.039766311335723635,308.0,0.0248704548417825,267.0,0.030143137011704672,292.0,-91.0,91.0
21443086,5.360724573274169,17633,337.0,259.0,314.76202074114855,305.5362833896149,0.015907194579448572,187.0,0.02069777827518984,213.0,0.017031040023989037,188.0,0.017545296138980197,189.0,-26.0,26.0
9013587,3.133600414660512,16055,98.0,53.0,84.89813839162377,76.39944596551408,0.031975514435311346,311.0,0.05912453612567004,327.0,0.03691011927971414,314.0,0.041016009672046404,317.0,-16.0,16.0
11938638,13.83394880266422,44185,172.0,137.0,169.59553882369585,164.65523219871346,0.08042993489921059,343.0,0.10097772848660015,336.0,0.08157023998753524,339.0,0.08401766902839006,339.0,7.0,7.0
30848316,2.353739554830097,11609,359.0,371.0,354.76155084330617,355.6866976454736,0.00655637759005598,56.0,0.006344311468544736,50.0,0.006634708719800684,54.0,0.006617451736067336,53.0,6.0,6.0
12491647,0.7471905281379022,10794,56.0,62.0,55.623185613812794,55.59546757839933,0.013342688002462539,153.0,0.012051460131256487,118.0,0.013433076870598254,146.0,0.013439774152168663,145.0,35.0,35.0
24867560,6.2341245761265185,22048,532.0,518.0,515.4997087044419,510.7087609626352,0.011718279278433306,128.0,0.012034989529201774,117.0,0.012093361976467787,128.0,0.012206809541265386,127.0,11.0,11.0
5121534,5.140188374901126,12508,312.0,278.0,321.85247384905244,316.3147053081689,0.01647496274006771,196.0,0.018489886240651534,190.0,0.01597063497269204,175.0,0.016250235251925163,177.0,6.0,6.0
9106406,5.798340610249364,19642,2292.0,2918.0,2520.5139173884236,2616.2922339974853,0.002529817020178606,22.0,0.00198709410906421,19.0,0.0023004596682636813,20.0,0.0022162434818643953,19.0,3.0,3.0
26998432,2.4465951441410874,12526,175.0,154.0,168.72989751113985,164.41843449276752,0.013980543680806213,163.0,0.015886981455461607,168.0,0.014500068928089988,159.0,0.01488029704022458,160.0,-5.0,5.0
27684173,3.209152222467939,13767,267.0,227.0,243.9912684414282,239.00616254550548,0.012019296713363069,135.0,0.014137234460211185,143.0,0.013152733878418763,143.0,0.013427068943701123,144.0,-8.0,8.0
13576407,3.898245175537423,25560,250.0,176.0,226.611471312353,207.53332512133375,0.015592980702149692,183.0,0.02214912031555354,227.0,0.017202329400898792,192.0,0.01878370701793712,208.0,-44.0,44.0
29534051,3.7395091527359265,17175,388.0,381.0,373.89013741599194,372.57237169138324,0.009637910187463728,100.0,0.009814984652850202,90.0,0.010001625553913263,99.0,0.010037000692669485,99.0,10.0,10.0
30729721,9.970296660057352,30570,797.0,785.0,789.3688639896683,792.5771973459118,0.012509782509482249,141.0,0.012701014853576244,127.0,0.01263071944548835,135.0,0.012579590598170999,132.0,14.0,14.0
7299461,2.279248695208669,15028,91.0,78.0,91.87838060215752,86.857221782677,0.02504668895833702,276.0,0.029221137118059855,278.0,0.024807236264622917,265.0,0.026241326264285915,272.0,-2.0,2.0
19661713,4.803167343211678,14715,130.0,148.0,140.62051036992713,145.62242168895068,0.036947441101628294,315.0,0.0324538334000789,288.0,0.034156947166356436,308.0,0.03298370736802632,301.0,27.0,27.0
5442463,3.0642017880354895,14336,847.0,841.0,842.115709649894,842.5859974944033,0.003617711674185938,32.0,0.0036435217455832217,31.0,0.0036386944845256696,31.0,0.0036366635538063793,32.0,1.0,1.0
32398758,3.558579489822532,11209,276.0,216.0,246.4338868462811,235.9589430804177,0.012893403948632361,145.0,0.016474905045474685,174.0,0.014440300947906076,158.0,0.015081350354284831,164.0,-29.0,29.0
690012,2.244154407160884,17430,315.0,273.0,303.69216585729714,299.23854702471624,0.007124299705272648,63.0,0.008220345813776132,68.0,0.007389569634849906,64.0,0.007499549872415078,64.0,-5.0,5.0
24843272,1.2081309953302986,14579,2109.0,2325.0,2193.1575451448753,2229.4807586285115,0.0005728454221575622,4.0,0.000519626234550666,3.0,0.0005508637525857687,3.0,0.0005418889535846423,3.0,1.0,1.0
13343035,1.526243270978563,17389,532.0,549.0,539.603678025317,540.8990234052444,0.002868878328907073,25.0,0.0027800423879390944,26.0,0.002828452312563657,25.0,0.0028216787328807827,25.0,-1.0,1.0
