campaign,impressions,clicks,spend,conversions,reach,ctr,cpc,cpm,cvr,cpa,frequency
497590,27802,8837.0,2.2116198569447163,296,13332,0.3178548305877275,0.00025026817437418994,0.07954894816720799,0.0334955301572932,0.0074716887058943115,2.0853585358535853
29427842,239272,79009.0,131.09247092106472,7060,108793,0.3302057908990605,0.0016592093422403108,0.5478805331215718,0.08935690870660304,0.018568338657374606,2.199332677653893
73328,12950,4218.0,1.001138002477812,798,6600,0.32571428571428573,0.00023734898114694452,0.07730795385929051,0.1891891891891892,0.0012545589003481355,1.9621212121212122
28896342,36445,13012.0,19.886315756985898,595,19100,0.35703114281794485,0.0015283058528270748,0.5456527852102044,0.04572702121118967,0.03342237942350571,1.9081151832460732
6228543,30617,9073.0,13.528854772152684,1291,15541,0.29633863539863475,0.001491111514620598,0.44187395146985936,0.1422903119144715,0.010479360784006726,1.9700791454861335
26091094,30606,10400.0,22.203182126557003,798,13346,0.33980265307456053,0.0021349213583227887,0.7254519416636281,0.07673076923076923,0.027823536499444867,2.2932713921774313
7061828,143611,43944.0,49.22208963488258,2589,60588,0.3059932734957629,0.0011201094491826548,0.34274595702893634,0.05891589295466958,0.01901200835646295,2.3702878457780416
8980584,37815,12607.0,10.732595638390315,1160,13964,0.3333862223985191,0.0008513203488847716,0.2838184751656833,0.09201237407789323,0.009252237619301995,2.7080349470065883
26852338,107659,24346.0,14.535177712237287,1490,53101,0.22613994185344466,0.0005970252900779302,0.13501126438325906,0.061201018647827156,0.009755152827004891,2.027438277998531
5061834,299755,85763.0,141.24441573299453,6465,164036,0.28611032343080184,0.0016469155198977942,0.47119953206116505,0.0753821578069797,0.021847550770764813,1.8273732595283962
4828346,37316,9712.0,9.274128328493948,410,22338,0.2602636938578626,0.0009549143666076964,0.24852954037126024,0.042215815485996705,0.02261982519144865,1.670516608469872
17686799,381084,112964.0,79.42984162550648,3726,188545,0.2964280840969445,0.0007031429625854828,0.2084313212454642,0.03298395949151942,0.02131772453717297,2.0211832718979554
25102583,13342,5906.0,1.1269255234400568,52,5769,0.44266226952480886,0.00019081028165256634,0.08446451232499302,0.008804605485946495,0.021671644681539554,2.312705841566996
2828357,73432,26019.0,30.031212145149308,346,40047,0.35432781348730796,0.0011542031648083826,0.4089662837066852,0.01329797455705446,0.08679541082413095,1.8336454665767723
1946547,10005,3420.0,1.2911062062849408,129,4029,0.34182908545727136,0.00037751643458624,0.12904609757970423,0.037719298245614034,0.01000857524251892,2.483246463142219
28795042,135054,38564.0,23.611442926562773,2764,43231,0.28554504124276214,0.0006122664382990035,0.17482964537564807,0.07167306296027383,0.008542490204979295,3.1240082348314866
26874680,11239,3352.0,1.4714625997373267,95,5432,0.2982471750155708,0.00043898048918178005,0.1309246907854192,0.028341288782816228,0.015489079997235018,2.069035346097202
13289562,37967,11993.0,6.535166418978923,387,24489,0.3158795796349461,0.0005449150687049882,0.17212754283927945,0.03226882348036354,0.016886734932762076,1.5503695536771611
10002432,10561,4289.0,6.112713469757335,313,5310,0.406116844995739,0.0014252071507944357,0.5788006315460027,0.07297738400559571,0.01952943600561449,1.988888888888889
11959615,39801,26960.0,15.466239708510376,496,14292,0.6773699153287606,0.0005736735796925213,0.38858922410267016,0.018397626112759646,0.031181934896190273,2.7848446683459276
29614012,12873,5291.0,3.705296809683701,114,6253,0.4110153033480929,0.0007003017973320169,0.2878347556656336,0.021546021546021546,0.03250260359371668,2.058691827922597
26949222,11824,3593.0,3.8388474026173403,330,5347,0.3038734776725304,0.0010684239918222489,0.324665714023794,0.09184525466184247,0.011632870917022243,2.2113334580138395
27091104,15325,4781.0,4.459877614570813,416,9310,0.311973898858075,0.0009328336361787939,0.2910197464646534,0.0870110855469567,0.01072085965041061,1.646079484425349
6516505,16182,6521.0,3.643658069036472,165,8182,0.4029786182177728,0.0005587575631094114,0.2251673507005606,0.025302867658334612,0.02208277617597862,1.9777560498655586
7144711,12846,3516.0,3.5124145021708215,97,6599,0.27370387669313406,0.00099898023383698,0.273424762740995,0.027588168373151308,0.0362104587852662,1.9466585846340354
20922679,17202,6378.0,5.8133860991418915,263,12084,0.37077084059993026,0.000911474772521463,0.33794826759341307,0.04123549702100972,0.022104129654531908,1.4235352532274081
32135670,56466,15178.0,12.597259394821013,470,17678,0.26879892324584703,0.0008299683354078938,0.2230945948857899,0.03096587165634471,0.026802679563448964,3.194139608553004
25998435,15596,5307.0,4.347358500802623,94,6647,0.3402795588612465,0.0008191743924632793,0.27874830089783426,0.017712455247785943,0.04624849468938961,2.346321648864149
13661605,47858,13999.0,15.416938615063344,901,27556,0.29251117890425843,0.0011012885645448492,0.32213921632879233,0.06436174012429459,0.01711091966155754,1.7367542458992598
32452108,10145,3079.0,0.6371202951462778,111,6366,0.3034992607195663,0.0002069244219377323,0.06280140908292535,0.03605066580058461,0.005739822478795295,1.5936223688344329
11321105,33775,10077.0,18.78749843280992,739,14596,0.2983567727609178,0.0018643940094085461,0.5562545798019222,0.07333531805100725,0.025422866620852393,2.3139901342833653
14289571,81357,24935.0,14.93039382152489,1257,42344,0.3064886856693339,0.0005987725615209501,0.18351701539541637,0.050411068778824945,0.011877799380688059,1.9213347817872661
13300118,11747,3219.0,2.719503329226486,74,5042,0.2740274112539372,0.0008448286204493588,0.23150619981497286,0.022988505747126436,0.036750044989547107,2.3298294327647757
11097337,26066,13308.0,5.288807162663898,1065,11104,0.5105501419473644,0.000397415626890885,0.20290060472124213,0.08002705139765555,0.004966016115177369,2.3474423631123917
3877975,22968,13255.0,4.22463415403909,385,6997,0.5771072796934866,0.0003187200417984979,0.18393565630612546,0.029045643153526972,0.010973075724776857,3.282549664141775
25119476,16094,5232.0,4.153336134139381,271,9878,0.325090095687834,0.0007938333589715942,0.25806736262827024,0.05179663608562691,0.015325963594610262,1.6292771816157117
22445172,11242,4059.0,1.8780888868056054,45,6338,0.3610567514677104,0.0004626974345419082,0.16706003262814495,0.011086474501108648,0.04173530859568012,1.773745661091827
28752986,11586,3644.0,3.420191369694874,1096,4622,0.31451752114621095,0.0009385816052949709,0.2952003598908056,0.300768386388584,0.003120612563590213,2.5067070532237126
29614010,12237,5046.0,5.112163016984372,184,7386,0.4123559696003923,0.0010131119732430384,0.41776277004039974,0.0364645263575109,0.02778349465752376,1.656783103168156
3884873,14775,6252.0,0.969551623681184,98,5978,0.42314720812182743,0.00015507863462590915,0.06562109128129841,0.015674984005118364,0.009893383915114122,2.4715623954499835
884761,20375,8282.0,5.412405740176586,236,6896,0.406478527607362,0.0006535143371379602,0.26563954553013924,0.028495532480077277,0.022933922627866893,2.9546113689095126
24321351,10650,3536.0,2.8629931192418057,106,5388,0.332018779342723,0.0008096699997855785,0.26882564499923056,0.02997737556561086,0.027009369049450997,1.9766146993318485
27990027,13636,5518.0,2.9727214984916084,117,7020,0.40466412437665006,0.0005387316959934049,0.21800539003311883,0.021203334541500543,0.025407876055483832,1.9424501424501424
17132183,13069,4713.0,1.793139882940606,98,8170,0.3606243782997934,0.0003804667691365597,0.13720559208360286,0.02079354975599406,0.0182973457442919,1.5996328029375766
9097339,20835,7781.0,8.47793251343741,222,10176,0.373458123350132,0.0010895685019197288,0.40690820798835664,0.028531037141755557,0.03818888519566401,2.0474646226415096
20530187,12494,4176.0,2.6894282731219823,70,5610,0.33424043540899634,0.0006440201803453023,0.21525758549079416,0.016762452107279693,0.0384204039017426,2.2270944741532976
1415896,11965,4641.0,4.623120446665971,252,6523,0.38788132051817803,0.0009961474782732107,0.38638699930346604,0.05429864253393665,0.0183457160581983,1.8342787061168173
27031690,10370,3795.0,0.8055758929902994,104,6424,0.3659594985535198,0.00021227296257978905,0.07768330694216966,0.02740447957839262,0.007745922047983648,1.6142590286425902
29389116,36163,11267.0,15.576923436994388,591,16609,0.31156154080137155,0.0013825262658200398,0.43074201357725816,0.05245406940623058,0.02635689244838306,2.177313504726353
5686703,67793,23999.0,15.86151472587443,698,32929,0.35400410071836325,0.0006609239854108267,0.23396980109855636,0.02908454518938289,0.02272423313162526,2.0587627926751497
9100690,41535,12787.0,8.495005983278714,6359,27362,0.30786084025520644,0.0006643470699365539,0.20452644717175186,0.49730194729021665,0.001335902812278458,1.5179811417294058
497593,191679,78565.0,20.475079417701274,1501,81528,0.409877973069559,0.00026061324276333323,0.10681962769891992,0.019105199516324063,0.013640958972485859,2.351081836914925
3144706,29905,10527.0,9.983543680091545,48,13494,0.3520147132586524,0.0009483750052333566,0.333841955528893,0.004559703619264748,0.20799049333524053,2.216170149696161
30752994,49911,21745.0,8.001536751680034,128,23601,0.4356755023942618,0.0003679713383159362,0.1603160976874844,0.005886410669119338,0.06251200587250026,2.114783271895259
11843320,18463,4899.0,1.9265094028521135,59,11503,0.2653414937984076,0.0003932454384266408,0.10434433206153461,0.012043274137579097,0.03265270174325616,1.6050595496826914
13300124,19317,5808.0,3.9628436144889667,340,14456,0.30066780555986955,0.0006823077848638028,0.20514798439141516,0.05853994490358127,0.011655422395555785,1.336261759822911
4869923,15033,7822.0,6.601415106665643,246,4158,0.5203219583582784,0.0008439548845136337,0.43912825827616864,0.031449757095372025,0.026835020758803427,3.6154401154401152
2946551,48943,31811.0,13.04279652289719,1033,20782,0.6499601577345074,0.0004100090070383575,0.2664895188872196,0.03247304391562667,0.01262613409767395,2.3550668848041574
18323505,12791,4095.0,6.35943162244311,49,7091,0.32014697834414824,0.0015529747551753627,0.4971801753141358,0.011965811965811967,0.1297843188253696,1.8038358482583556
27891651,23789,8908.0,5.51226816307855,279,13984,0.3744587834713523,0.0006187997488862315,0.23171500118031654,0.03132016165244724,0.019757233559421328,1.701158466819222
12289574,42523,15615.0,8.966929809260858,144,20442,0.36721303765021285,0.0005742510284509034,0.21087246453121503,0.009221902017291067,0.062270345897644845,2.0801780647686137
7686710,72214,27040.0,19.534571621230644,730,34404,0.37444262885313095,0.0007224323824419616,0.2705094804501986,0.026997041420118342,0.026759687152370745,2.0990001162655507
17314989,11739,4080.0,1.747676555221873,224,5355,0.3475594173268592,0.0004283520968681061,0.1488778051982173,0.054901960784313725,0.007802127478669076,2.1921568627450982
27323541,18707,7376.0,2.494906523207973,195,13377,0.3942909071470573,0.00033824654598806574,0.13336753745699326,0.026437093275488068,0.012794392426707553,1.3984450923226432
22274902,13149,1991.0,2.312316451542452,42,8555,0.15141835881055593,0.0011613844558224268,0.17585492824872248,0.02109492717227524,0.05505515360815362,1.5369959088252485
14576401,15752,6390.0,6.829091960978532,171,7055,0.40566277298120873,0.0010687154868511005,0.43353808792397996,0.02676056338028169,0.03993621029812007,2.2327427356484764
2390251,48641,15000.0,8.834605471761444,458,19577,0.30838181780802204,0.0005889736981174295,0.18162877966656615,0.030533333333333332,0.01928953159773241,2.484599274659039
2576437,128938,51628.0,10.89911695961518,696,59274,0.4004094991391211,0.00021110864181481326,0.0845299055330095,0.013481056790888665,0.015659650804044797,2.1752876471977594
3892353,37167,13109.0,27.345142655867168,767,17020,0.35270535690262866,0.002085982352266929,0.735737150048892,0.05850942100846746,0.035652076474403084,2.1837250293772033
22589171,16614,3148.0,3.953433218073433,94,9187,0.18947875285903454,0.0012558555330601756,0.23795794017536012,0.02986022871664549,0.04205780019227057,1.808424948296506
442617,11404,3129.0,1.869235858358709,131,7027,0.2743774114345844,0.0005973908144323135,0.16391054527873633,0.04186641099392777,0.014268976018005412,1.6228831649352498
26891650,30922,10998.0,9.80558187126818,5491,20268,0.3556691029040812,0.000891578638958736,0.3171069746868954,0.4992725950172759,0.0017857552123963175,1.5256562068284982
17288254,37940,14047.0,6.787772380728814,550,19687,0.3702424881391671,0.000483218650297488,0.17890807540139203,0.03915426781519186,0.012341404328597844,1.9271600548585361
23852343,11602,4851.0,8.079408812291359,160,3083,0.4181175659369074,0.0016655140821050006,0.6963806940433854,0.03298289012574727,0.05049630507682099,3.763217645150827
29614013,14232,5972.0,3.6301830630874297,126,7230,0.4196177627880832,0.0006078672242276339,0.25507188470260184,0.021098459477561955,0.028810976691170078,1.9684647302904563
25866076,22429,8650.0,2.5244263201921253,99,9045,0.38566142048241114,0.00029184119308579484,0.11255188908074927,0.011445086705202312,0.025499255759516417,2.479712548369265
14102485,13462,4068.0,9.631101432653693,40,5490,0.30218392512256725,0.002367527392491075,0.7154287202981499,0.00983284169124877,0.24077753581634234,2.452094717668488
2953716,38028,14344.0,2.472930659327459,247,18462,0.37719575049963183,0.0001724017470250599,0.06502920635656514,0.017219743446737313,0.010011865017520077,2.059798505037374
11289564,35239,13353.0,7.62596980685708,575,18249,0.3789267572859616,0.0005711053551154857,0.21640710028255855,0.0430614843106418,0.0132625561858384,1.9310099183516904
23385780,14280,3931.0,11.347766354953702,62,6299,0.27528011204481795,0.002886737816065556,0.7946615094505394,0.015772068176036633,0.18302848959602744,2.267026512144785
12843317,27166,14567.0,16.27939762341964,341,7602,0.5362217477729515,0.0011175532109164302,0.5992563359868822,0.023409075307201207,0.04774016898363531,3.5735332807156013
13661597,41107,14403.0,8.411722517213411,202,22410,0.3503782810713504,0.0005840257250026669,0.2046299296278836,0.014024855932791779,0.04164219067927431,1.8343150379294957
14257845,18338,7503.0,7.172689513960538,528,10744,0.4091503980804886,0.0009559762113768544,0.39113804744031727,0.0703718512594962,0.013584639230985868,1.7068131049888309
24119478,12200,3594.0,4.148635244667977,336,8002,0.2945901639344262,0.00115432254999109,0.34005206923508,0.09348914858096828,0.012347128704368979,1.5246188452886777
22419532,39020,11980.0,4.475217903819702,143,21988,0.3070220399794977,0.00037355742102000857,0.11469036145104312,0.011936560934891486,0.03129523009664128,1.7746043296343461
6210424,21533,9509.0,7.091195089597736,344,9149,0.4416012631774486,0.0007457351024921376,0.329317563256292,0.03617625407508676,0.020613939213946907,2.353590556344956
13947793,23920,8312.0,5.906291705168553,38,9582,0.3474916387959866,0.0007105740742503071,0.24691854954718034,0.004571703561116458,0.15542872908338298,2.496347317887706
9106407,20877,5468.0,3.0120195166948376,2198,11843,0.26191502610528333,0.0005508448274862541,0.14427453737102253,0.4019751280175567,0.0013703455489967413,1.7628134763151229
4800911,18333,7842.0,2.219652933562943,207,11457,0.4277532318769432,0.00028304679081394326,0.12107417954306131,0.026396327467482786,0.010722961031705038,1.6001571091908877
30491418,186644,72873.0,119.0515204626812,3526,81435,0.39043848181564905,0.001633684910223007,0.6378534561126058,0.04838554745927847,0.03376390257024424,2.2919383557438446
4869922,48085,23125.0,27.387653357737147,664,9839,0.4809192055734637,0.001184330956010255,0.5695675025005126,0.028713513513513512,0.041246465900206544,4.887183656875699
32323516,108748,28589.0,22.09369547759545,605,56645,0.26289219112075624,0.0007728040672145038,0.2031641545370531,0.02116198537899192,0.03651850492164537,1.9198164003883837
9100693,100926,39442.0,20.840787765408272,18990,53237,0.3908011810633534,0.0005283907450283524,0.2064957272200253,0.48146645707621316,0.0010974611777466179,1.8957867648439994
12121528,53027,20952.0,34.24369713163576,3248,22599,0.3951194674411149,0.0016343879883369493,0.6457785115438505,0.15502100038182512,0.010543010200626774,2.3464312580202664
14121532,94354,38950.0,47.79383567314637,5633,55933,0.41280708819975837,0.0012270561148432957,0.5065374618261692,0.14462130937098844,0.008484614889605249,1.6869111258112384
14235907,63451,26621.0,51.163267896228184,1943,27149,0.4195520953176467,0.0019219138235313544,0.8063429716825296,0.07298749107847188,0.02633209876285547,2.3371394894839588
26321366,42947,12254.0,5.166530946932053,748,25842,0.28532842806249564,0.00042161995649845377,0.12030015942748161,0.06104129263913824,0.00690712693440114,1.6619069731444935
15746419,45738,18503.0,28.460216608601442,740,18170,0.4045432681796318,0.001538140658736499,0.622244449005235,0.03999351456520564,0.038459752173785736,2.517226197028068
27323540,21846,7647.0,1.5410198399273096,331,16767,0.35004119747322165,0.00020151952921764217,0.07054013732158335,0.0432849483457565,0.004655649063224501,1.3029164430130613
9500303,11140,5425.0,9.841154102590462,140,2446,0.486983842010772,0.0018140376225973202,0.8834070110045299,0.025806451612903226,0.07029395787564616,4.55437448896157
11500306,41625,17663.0,7.034574794922971,386,19419,0.42433633633633633,0.0003982661379676709,0.16899879387202332,0.02185359225499632,0.0182242870334792,2.143519233740151
30535894,72504,37200.0,27.457551164019485,1887,25161,0.5130751406818934,0.0007381062140865452,0.378703949630634,0.050725806451612905,0.014550901517763374,2.8816024800286155
15568932,22990,8161.0,2.8443324975520317,517,12259,0.3549804262722923,0.0003485274473167543,0.12372042181609534,0.06335007964710207,0.005501610246715728,1.8753568806591077
20938751,35375,11710.0,17.763486637588127,1649,19023,0.33102473498233215,0.0015169501825438195,0.5021480321579683,0.1408198121263877,0.010772278130738706,1.8595910213951532
4293600,29383,7773.0,3.292388468643866,201,14077,0.2645407208249668,0.0004235672801548779,0.11205079361004207,0.025858741798533386,0.016380042132556547,2.0873055338495416
3828354,18815,5877.0,7.396931027813069,672,7369,0.3123571618389583,0.001258623622224446,0.39314010246149717,0.11434405308831036,0.011007337839007543,2.553263672140046
16321090,28296,7129.0,9.134272433278229,549,15972,0.25194373763076056,0.0012812838312916577,0.3228114374214811,0.07700939823257119,0.016638019004149778,1.7716003005259204
3466867,10309,3664.0,4.629633887762659,943,4233,0.35541759627509945,0.0012635463667474507,0.44908661245151416,0.25736899563318777,0.004909473900066447,2.435388613276636
30175072,17378,5581.0,9.610946726255849,209,9351,0.32115318218437106,0.0017220832693524187,0.5530525219389946,0.03744848593442036,0.04598539103471698,1.8584108651481126
31736975,34923,9006.0,5.581243743006437,849,21583,0.25788162528992353,0.0006197250436382897,0.15981570148631094,0.09427048634243837,0.006573903113081788,1.6180790436917944
17321082,90065,33989.0,36.74146963824855,1353,34854,0.3773830011658247,0.0010809811891567434,0.4079439253677739,0.039806996381182146,0.027155557751846676,2.5840649566764218
8710016,29496,11601.0,5.045278410500342,832,12761,0.3933075671277461,0.00043490030260325333,0.17104957996000617,0.07171795534867684,0.006064036551082142,2.311417600501528
30328739,16396,5210.0,10.60709099879477,56,6379,0.3177604293730178,0.002035909980574812,0.6469316295922646,0.010748560460652591,0.18941233926419235,2.57030882583477
787943,36050,9750.0,13.482769659257585,551,16990,0.27045769764216365,0.0013828481701802652,0.37400193229563344,0.056512820512820514,0.02446963640518618,2.1218363743378457
32398755,21474,8303.0,5.245194592640727,251,7546,0.38665362764273076,0.0006317228221896576,0.24425792086433487,0.030230037335902685,0.020897189612114453,2.8457460906440497
9100692,40265,14466.0,6.672558512401219,7318,23413,0.35926983732770396,0.0004612580196599764,0.1657160936893386,0.5058758468132172,0.0009118008352557008,1.7197710673557425
23852329,112773,36213.0,54.43829981482116,1274,53491,0.32111409645925887,0.0015032805847298252,0.48272458669026413,0.03518073619970729,0.04273021963486747,2.1082612028191656
28729609,12652,3993.0,4.259967989595899,324,5721,0.3156022763199494,0.0010668590006501124,0.33670312911760186,0.0811419984973704,0.013148049350604627,2.2115014857542388
6336377,11017,3974.0,2.148790019919542,42,5235,0.3607152582372697,0.0005407121338499099,0.19504311699369536,0.010568696527428284,0.051161667140941475,2.1044890162368675
10383101,11380,4527.0,2.726129212108673,191,5876,0.39780316344463973,0.0006021933315901642,0.2395544123118342,0.0421912966644577,0.014272927812087294,1.9366916269571137
8403848,85868,28973.0,18.17168056856678,1118,43417,0.3374132389248614,0.0006271936136598482,0.21162342861795758,0.03858765057122148,0.016253739327877263,1.9777506506667895
24045154,10092,3283.0,3.4832393506027053,172,2651,0.3253071739992073,0.0010609927964065505,0.3451485682325312,0.05239110569600975,0.020251391573271542,3.806865333836288
18436526,23430,6312.0,1.7458908127703803,161,13406,0.26939820742637643,0.0002765986712247117,0.07451518620445499,0.02550697084917617,0.010844042315343977,1.7477248992988215
22233130,17524,7301.0,6.886885671903251,87,8070,0.4166286236019174,0.0009432797797429463,0.3929973563058235,0.011916175866319682,0.0791596054241753,2.1714993804213134
29531983,13563,4153.0,0.5601734460931371,1563,7216,0.3062006930620069,0.00013488404673564584,0.04130158859346289,0.376354442571635,0.0003583963186776309,1.8795731707317074
10491643,21645,8018.0,2.606021708247807,167,11552,0.37043197043197046,0.0003250214153464464,0.120398323319372,0.020828136692442007,0.015604920408669504,1.8737015235457064
5121547,20336,5931.0,15.409887441870046,467,10756,0.29165027537372146,0.0025981938023722888,0.7577639379361746,0.0787388298769179,0.032997617648543996,1.8906656749721087
24126625,53878,27649.0,9.070622382884197,780,34200,0.5131779204870263,0.0003280633072763643,0.16835484581618096,0.028210785200188073,0.01162900305497974,1.5753801169590644
22723823,15298,5858.0,1.9733038449059677,76,9504,0.3829258726630932,0.00033685623846124404,0.12899096907477892,0.012973711164219871,0.02596452427507852,1.6096380471380471
18498193,15383,3869.0,3.956417640283649,110,4903,0.2515114086979133,0.0010225943758810155,0.25719415200439766,0.02843111915223572,0.03596743309348772,3.1374668570263102
24843279,10357,4597.0,3.0348673612785606,502,4662,0.44385439799169646,0.0006601843291882881,0.2930257179954196,0.10920165325212094,0.006045552512507093,2.2215787215787217
20695010,19406,3518.0,1.0743737445160444,176,13207,0.18128413892610531,0.0003053933327220138,0.05536296735628385,0.050028425241614556,0.006104396275659343,1.4693723025668206
3291800,25744,8787.0,7.6702651449673835,338,13589,0.341322249844624,0.0008729105661735955,0.2979437983595161,0.03846591555707295,0.022693092144873916,1.8944734711899331
29091102,11139,3254.0,1.730994711996664,102,6499,0.29212676182781216,0.0005319590387205483,0.1553994714064695,0.0313460356484327,0.016970536392124157,1.7139559932297277
17288262,18009,5211.0,6.724338573129613,268,8173,0.2893553223388306,0.0012904123149356387,0.3733876713381983,0.05142966800997889,0.02509081557137915,2.203474856233941
21016759,17174,6196.0,1.9737006452313062,522,8073,0.3607779201117969,0.000318544326215511,0.11492375947544581,0.0842479018721756,0.0037810357188339198,2.1273380403815185
2694554,14572,6848.0,1.5156237570360098,529,4870,0.4699423552017568,0.00022132356265128648,0.10400931629398916,0.07724883177570094,0.002865073264718355,2.9921971252566735
30881002,18892,5292.0,2.300148357165805,2759,9299,0.28011856870633073,0.0004346463259950501,0.12175250673119865,0.5213529856386999,0.0008336891472148622,2.0316163028282612
21765872,12261,4668.0,1.9109719156863327,88,6452,0.38071935404942503,0.00040937701707076537,0.15585775350186223,0.018851756640959727,0.021715589950981055,1.9003409795412276
19602309,114778,40393.0,18.906606233164858,373,67239,0.35192284235654914,0.00046806640341556354,0.1647232591016123,0.009234273265169707,0.050687952367734206,1.7070152738737936
716288,57379,18292.0,8.766629929391842,270,37522,0.31879258962338136,0.0004792603285256856,0.15278464123445584,0.014760551060572929,0.032468999738488304,1.529209530408827
15654890,66911,22491.0,7.2060382281391515,599,39551,0.33613307229005696,0.0003203965243047953,0.10769586806562674,0.026632875372371172,0.01203011390340426,1.6917650628302698
26998428,80051,26706.0,23.406448314348243,986,45687,0.3336123221446328,0.0008764490494401349,0.2923942026251795,0.036920542200254626,0.023738791393862316,1.7521614463632982
10960760,21748,9606.0,5.698250801668624,418,13627,0.4416957881184477,0.0005931970436881765,0.26201263572138234,0.04351447012283989,0.013632178951360345,1.5959492184633448
18095238,29947,7824.0,9.37285302576409,503,15891,0.26126156209303103,0.0011979617875465351,0.3129813679421675,0.06428936605316973,0.0186339026357139,1.884525832232081
12089529,29711,10639.0,4.9199884537052085,677,12117,0.35808286493218,0.00046244839305434804,0.1655948454681838,0.06363380016918883,0.007267338927186423,2.452009573326731
30676250,35243,9926.0,3.272395510160611,101,19087,0.2816445819027892,0.0003296791769253084,0.09285235394718415,0.010175297199274633,0.032399955546144665,1.8464399853303295
27118781,59614,21053.0,20.360785159839196,1308,12718,0.3531552990908176,0.0009671203704858783,0.3415436836957627,0.06212891274402698,0.015566349510580425,4.6873722283377885
17710664,30218,10030.0,9.968700478358588,4769,15647,0.33192137136805877,0.0009938883826877954,0.3298927949685151,0.47547357926221334,0.0020903125347784836,1.9312328241835495
21640043,51890,20618.0,12.207199584256951,563,10193,0.3973405280400848,0.0005920651655959333,0.23525148553202838,0.027306237268406246,0.021682414892108263,5.09074855292848
19129839,90154,27237.0,41.170249096568284,1343,40847,0.30211637864099206,0.0015115559384869216,0.4566658062489549,0.04930792671733304,0.03065543491926157,2.207114353563297
25998432,44748,14867.0,2.5658987618556908,89,21146,0.3322383123268079,0.00017259021738452214,0.05734108254795054,0.005986412860698191,0.028830323166917873,2.1161448973801193
2869134,55796,20032.0,3.4419285646992357,10676,35367,0.3590221521256004,0.00017182151381286122,0.061687729670572004,0.5329472843450479,0.00032239870407448816,1.5776288630644386
6442596,23825,5520.0,8.016704616563738,500,14657,0.2316894018887723,0.0014523015609716917,0.3364828800236616,0.09057971014492754,0.016033409233127474,1.6255031725455413
25064375,11605,3145.0,2.568007940923332,114,6541,0.27100387763894873,0.0008165367061759402,0.22128461360821472,0.03624801271860095,0.022526385446695895,1.7741935483870968
22891668,16362,3347.0,2.39335985864804,107,9555,0.20455934482337124,0.0007150761453982791,0.14627550780149373,0.03196892739766956,0.022367849146243363,1.7124018838304553
27777499,27804,13982.0,6.801279144352223,1854,13261,0.5028772838440512,0.00048643106453670595,0.2446151325115891,0.13259905592905163,0.003668435352940789,2.096674458939748
23817046,88474,36883.0,17.500509020411997,3087,45719,0.41687953523068927,0.00047448713554786747,0.19780397654013604,0.08369709622319225,0.005669099131976676,1.9351691856777269
29614011,37818,14525.0,15.350545247489402,393,19984,0.3840763657517584,0.0010568361616171706,0.40590579214896083,0.027056798623063684,0.03905991157121985,1.892413931144916
27614018,18027,7304.0,2.6578988259587364,216,11027,0.40517002274366226,0.00036389633433169997,0.1474398860575102,0.029572836801752465,0.012305087157216373,1.6348054774644056
29345613,20671,6270.0,8.16988117685878,217,10772,0.3033234966861787,0.0013030113519710974,0.39523395950165835,0.03460925039872408,0.037649222013174104,1.918956554028964
12843318,54739,28323.0,23.99577814640566,879,17675,0.5174190248269058,0.0008472188026129174,0.43836712666299454,0.031034848003389473,0.027298951247332944,3.096973125884017
9810200,29866,18502.0,5.101300851961863,356,9844,0.6195004352775731,0.00027571618484282037,0.17080629652319906,0.01924116311750081,0.014329496775173773,3.033929297033726
28920697,18393,9677.0,7.644825648203219,427,7645,0.5261240689392703,0.0007899995502948454,0.41563777786131784,0.04412524542730185,0.017903572946611754,2.4058862001308046
26389108,13571,2263.0,4.447904440980816,94,8074,0.16675263429371454,0.001965490252311452,0.32775067725155227,0.0415377817057004,0.04731813235085974,1.6808273470398811
20097969,18568,5995.0,3.6284622623149883,247,10222,0.32286729857819907,0.0006052480837889888,0.1954148137825823,0.041201000834028355,0.014690130616659872,1.8164742711798083
3313894,11754,3953.0,4.314384600419,55,6654,0.33631104304917475,0.0010914203390890464,0.36705671264412115,0.013913483430306097,0.07844335637125455,1.7664562669071235
20377297,20407,6563.0,13.296833666021975,56,9173,0.3216053315038957,0.002026029813503272,0.6515819898084959,0.008532683224135303,0.23744345832182098,2.2246811294015045
23644447,11664,4875.0,3.2220678574051975,1315,6262,0.41795267489711935,0.0006609369963908098,0.27624038558000663,0.26974358974358975,0.002450241716657945,1.8626636857234111
10474106,39851,24393.0,21.967018502751852,3175,12502,0.6121050914657098,0.0009005459969151745,0.5512287898108417,0.13016029188701678,0.006918745985118694,3.187569988801792
22431924,16858,4437.0,3.35411321106563,216,11472,0.26319848143314745,0.0007559416747950485,0.19896270085808698,0.0486815415821501,0.015528301903081621,1.4694909344490934
20817326,36496,15643.0,4.362921778285676,379,20154,0.42862231477422186,0.00027890569445027655,0.11954520435898937,0.024228089241194146,0.011511666961175926,1.8108564056762926
4913658,11225,3938.0,2.169001043507367,625,6091,0.3508240534521158,0.0005507874666092858,0.19322949162649153,0.15871000507872016,0.0034704016696117876,1.8428829420456412
23377306,15433,4425.0,3.5970988109141286,207,9021,0.28672325536188686,0.000812903686082289,0.23307839116919124,0.04677966101694915,0.01737728894161415,1.7107859439086577
2073328,14469,2522.0,1.4604535415683568,1020,6980,0.17430368373764601,0.000579085464539396,0.1009367296681427,0.40444091990483744,0.001431817197616036,2.072922636103152
18443077,16784,5556.0,2.0404816976269258,164,8722,0.33102955195424216,0.00036725732498684767,0.12157302774230969,0.029517638588912886,0.01244196157089589,1.9243292822747076
13462155,11683,3788.0,5.053619726389183,219,5163,0.32423178978002226,0.0013341129161534274,0.4325618185730705,0.05781414994720169,0.02307588916159444,2.26283168700368
5121533,11685,3377.0,5.5126257086600265,290,7066,0.2890029952931108,0.0016324032302813226,0.47176942307745195,0.08587503701510216,0.019009054167793193,1.6536937446928957
10341182,437385,194847.0,139.16245501546467,21871,169648,0.44548166946740286,0.0007142139987552524,0.31816924452247947,0.11224704511745112,0.006362875726554098,2.578191313779119
30801593,431587,168971.0,25.59630466605326,11264,221917,0.39151086571189586,0.00015148341825551876,0.05930740422221536,0.06666232667144066,0.0022723992068584215,1.944812700243785
16922675,40899,16729.0,5.774257221155221,4188,24446,0.40903200567251036,0.0003451645179720976,0.14118333507311231,0.25034371450774107,0.001378762469234771,1.6730344432627016
13166099,63938,15092.0,7.471641164975334,416,29242,0.236041164878476,0.0004950729634889566,0.11685759900177256,0.027564272462231646,0.017960675877344554,2.1865125504411465
30368132,71181,23971.0,48.59824997301851,1954,33532,0.33676121436900297,0.002027376829211068,0.682741882988698,0.08151516415668933,0.024871161705741305,2.1227782416795895
13422843,110601,41405.0,14.285924038998083,479,48250,0.3743637037639804,0.0003450289587972004,0.12916631892114974,0.011568651129090689,0.02982447607306489,2.2922487046632125
32452111,138682,45282.0,21.754784306018,2690,53376,0.3265167793945862,0.0004804289630762334,0.15686811775153228,0.0594055032904907,0.008087280411159107,2.598208932853717
24389111,56560,18010.0,21.321479726278483,801,32833,0.3184229137199434,0.0011838689464896436,0.3769709994037921,0.0444752915047196,0.026618576437301478,1.7226570828130234
20640037,24747,9460.0,5.598069060909959,207,5725,0.3822685578049865,0.0005917620571786426,0.2262120281613916,0.021881606765327695,0.027043811888453905,4.322620087336245
16823030,92453,31753.0,24.74763388712535,2678,55528,0.3434501854996593,0.0007793793936675385,0.2676779973297281,0.08433848770194942,0.009241088083317904,1.664979829995678
28874676,48067,18497.0,8.346657896082947,99,18310,0.38481702623421477,0.0004512438717674729,0.17364632483997225,0.005352219278801968,0.08430967571800957,2.625177498634626
5544859,50808,26242.0,6.6402158735935775,7509,25649,0.5164934655959691,0.00025303772096614503,0.13069232942831005,0.28614434875390593,0.0008843009553327444,1.9808959413622362
4406179,13924,4387.0,6.919624688380358,333,7401,0.3150675093363976,0.0015773021856349118,0.4969566710988479,0.07590608616366537,0.020779653718859932,1.88136738278611
12288258,14596,3899.0,3.8860201823224405,110,9467,0.2671279802685667,0.0009966709880283252,0.2662387080242834,0.028212362144139524,0.035327456202931276,1.5417766980035914
7289590,77518,25126.0,14.245983902250478,994,44583,0.32413116953481774,0.0005669817679794029,0.18377646356008254,0.03956061450290536,0.014331975756791225,1.7387344952111792
12700454,38880,15833.0,9.653701396169511,826,18636,0.40722736625514405,0.0006097202928168706,0.24829478899612942,0.05216951935830228,0.01168728982587108,2.086284610431423
27385784,17125,5911.0,1.8157927722659855,92,9642,0.34516788321167885,0.0003071887620142083,0.10603169473086047,0.01556420233463035,0.019736877959412886,1.7760838000414851
4407386,13437,3775.0,0.5682618415133791,53,8789,0.2809406861650666,0.0001505329381492395,0.04229082693409087,0.01403973509933775,0.010721921537988285,1.5288428717715326
24316983,35336,15090.0,8.713309190099334,577,10972,0.42704324201947025,0.0005774227428826596,0.24658448013638598,0.03823724320742213,0.015101055788733681,3.2205614290922346
4814007,48054,16976.0,7.0790489829426155,76,21586,0.353269238773047,0.0004170033566766385,0.14731445837896148,0.004476908576814326,0.0931453813545081,2.2261651070138053
9100691,42272,13765.0,7.103154743856768,5235,23281,0.32562925813777444,0.000516030130320143,0.1680345085128872,0.38031238648746823,0.0013568585948150465,1.8157295648812337
13365547,38776,28104.0,11.684691089739179,1906,16527,0.7247782133278317,0.0004157661218950747,0.3013382269893537,0.06781952746939937,0.006130478011405655,2.3462213347855023
8980585,51909,16779.0,12.588861979078285,972,15842,0.32323874472634806,0.0007502748661468672,0.24251790593304215,0.057929554800643664,0.01295150409370194,3.276669612422674
7462178,15098,4582.0,8.498739820372908,27,7511,0.3034839051530004,0.0018548100873795085,0.5629050086351112,0.005892623308598865,0.31476814149529286,2.0101184928771136
9700343,10093,4388.0,2.566272623027193,263,5566,0.4347567621123551,0.0005848387928503175,0.2542626199373024,0.05993618960802188,0.009757690581852446,1.8133309378368667
8500299,20444,10271.0,16.291980452729977,267,3569,0.502396791234592,0.0015862117079865619,0.7969076723111904,0.025995521370849966,0.06101865338101115,5.728215186326702
31129938,21258,6616.0,8.08624088117437,455,10456,0.3112240097845517,0.001222225042499149,0.38038577858567924,0.0687726723095526,0.01777195798060301,2.0330910482019893
6781040,26999,10784.0,2.721230467406501,820,9510,0.39942220082225266,0.0002523396204939263,0.10079004657233605,0.07603857566765579,0.003318573740739635,2.839011566771819
6810200,96929,35151.0,4.2418939515681435,4443,52276,0.36264688586491145,0.00012067633784438973,0.04376289811684989,0.1263975420329436,0.000954736428442076,1.8541778253883234
8877963,12465,5472.0,2.5832286234272477,136,6261,0.4389891696750903,0.00047208125428129525,0.20723855783612097,0.024853801169590642,0.018994328113435644,1.990896022999521
23530192,15183,6268.0,7.5912574492323746,193,7631,0.4128301389712178,0.0012111131859017829,0.49998402484570736,0.030791320995532865,0.03933294015146308,1.9896474904992794
30427825,14278,3498.0,4.343545770586559,262,8484,0.24499229583975346,0.0012417226331007886,0.3042124786795461,0.07489994282447113,0.016578418971704423,1.682932578972183
27888153,15028,5264.0,2.9295351804086613,89,8061,0.35027947830715994,0.0005565226406551409,0.1949384602348058,0.01690729483282675,0.03291612562256923,1.8642848281850888
15654897,53007,23718.0,13.068200986541376,826,13919,0.4474503367479767,0.0005509824178489491,0.2465372684087267,0.03482587064676617,0.015821066569662683,3.8082477189453265
15073876,91735,28077.0,4.692324594871572,356,53543,0.30606638687523846,0.00016712343180794143,0.05115086493564694,0.012679417316664885,0.013180687064245989,1.7132958556674076
83677,42678,12682.0,13.077068665353666,211,25569,0.29715544308543046,0.001031151921254823,0.3064124060488698,0.016637754297429426,0.06197662874575197,1.6691305878211897
7681481,12175,2846.0,0.7003411785702919,59,7555,0.23375770020533881,0.0002460791210717821,0.05752288941029091,0.02073085031623331,0.011870189467293082,1.611515552614163
5044698,98550,35176.0,13.995507003739213,521,62761,0.356935565702689,0.00039787090640604997,0.14201427705468506,0.014811234932908802,0.026862777358424593,1.5702426666241773
25172774,10909,2759.0,0.8655043843552881,75,6680,0.252910440920341,0.0003137022052755665,0.07933856305392685,0.027183762232693004,0.011540058458070507,1.6330838323353294
15422821,24946,10205.0,7.905285257002076,965,14647,0.4090836206205404,0.0007746482368448874,0.3168959054358244,0.09456148946594807,0.008192005447670545,1.7031474021984023
23695013,13902,3940.0,2.058951432369807,82,8164,0.28341245863904474,0.000522576505677616,0.14810469230109388,0.02081218274111675,0.02510916380938789,1.7028417442430182
28795043,42824,11250.0,4.149697443841888,469,20650,0.26270315710816367,0.0003688619950081679,0.09690121062586139,0.041688888888888886,0.00884796896341554,2.0738014527845037
20730227,14033,4299.0,9.846425083100158,334,8566,0.30634931946126986,0.0022903989493138306,0.7016621594170995,0.07769248662479647,0.029480314620060354,1.6382208732197059
29175063,13020,4208.0,2.133492646645486,94,7450,0.32319508448540707,0.000507008708803585,0.16386272247661182,0.022338403041825095,0.022696730283462616,1.7476510067114095
8710017,17525,6462.0,6.844471804541029,434,8009,0.3687303851640514,0.0010591878372858293,0.3905547392034824,0.06716186939028165,0.015770672360693613,2.1881633162691974
29874685,12173,5156.0,3.01748000600712,34,5966,0.42356033845395546,0.000585236618698045,0.24788302029139245,0.0065942591155934835,0.08874941194138589,2.0403955749245726
2716294,11203,4598.0,3.33800959442214,145,7951,0.4104257788092475,0.0007259698987433971,0.2979567610838293,0.03153545019573728,0.023020755823600966,1.4090051565840775
27321366,110260,38174.0,21.520333339709243,1509,52873,0.34621803011064756,0.0005637432110784629,0.1951780640278364,0.039529522711793365,0.014261320967335482,2.0853743876836948
5281156,42222,12404.0,5.797766041285864,360,24057,0.2937804935815452,0.00046741099978118864,0.1373162342211611,0.029022895840051598,0.01610490567023851,1.7550816810076069
28729624,19275,8282.0,5.878306524366555,419,9663,0.4296757457846952,0.0007097689597158362,0.3049705071007292,0.05059164453030669,0.014029371179872446,1.9947221359826142
6697150,10818,3334.0,2.517263055724896,111,6761,0.3081900536143465,0.0007550279111352418,0.23269209241309818,0.03329334133173365,0.022678045547071136,1.6000591628457328
804100,19100,5698.0,7.638002608972148,825,7380,0.29832460732984295,0.0013404707983454105,0.3998954245535156,0.14478764478764478,0.009258184980572301,2.5880758807588076
2865314,77647,17219.0,26.26434578374053,1385,44739,0.22176001648486096,0.0015253119103165417,0.33825319437635104,0.08043440385620536,0.018963426558657424,1.735555108518295
28137208,67033,26513.0,12.605017502433085,415,30946,0.39552160875986453,0.00047542780909112835,0.18804197190090083,0.015652698676121148,0.03037353615044117,2.166128094099399
18975823,217646,100798.0,82.15532610817334,5007,90136,0.4631281990020492,0.0008150491687153846,0.3774722536052734,0.0496736046350126,0.016408093890188404,2.414640099405343
15398570,378464,135066.0,155.5724135597602,9489,139144,0.356879386150334,0.0011518251340808213,0.41106264680328963,0.0702545422238017,0.016395027248367604,2.719944805381475
26389107,41414,8071.0,10.602973120865256,528,20935,0.19488578741488385,0.001313712442183776,0.25602388373171525,0.06541940280014868,0.020081388486487228,1.978218294721758
26998434,16229,7365.0,3.6372833124202613,190,8166,0.4538172407418818,0.0004938605991066207,0.22412245439769926,0.025797691785471828,0.01914359638115927,1.9873867254469753
15661602,10586,3680.0,5.845592702984649,37,5856,0.3476289438881542,0.001588476277984959,0.5522003309072973,0.010054347826086956,0.15798899197255808,1.8077185792349726
26091099,12603,4266.0,5.0695328651205,208,6326,0.33849083551535347,0.0011883574461135724,0.4022481048258748,0.04875761837787154,0.024372754159233175,1.992254189061018
18898397,33111,10467.0,13.319632291276111,734,17114,0.3161185104648002,0.0012725358069433563,0.4022721238040564,0.0701251552498328,0.018146637999013775,1.9347317985275214
2736605,35116,15394.0,7.668561286836696,621,15781,0.43837566921061627,0.0004981526105519486,0.21837798401972594,0.04034039236066,0.012348729930493874,2.2252075280400483
16307476,10721,3551.0,5.191823430443025,278,5974,0.3312191026956441,0.0014620736216398268,0.48426671303451396,0.07828780625176007,0.018675623850514477,1.7946099765651156
13770704,12260,3650.0,1.7313168072589882,109,6902,0.29771615008156604,0.0004743333718517776,0.1412167053229191,0.029863013698630137,0.0158836404335687,1.7762967255867865
18498853,45093,7341.0,3.3891195976741817,191,28749,0.1627968864347016,0.00046167001739193323,0.07515844139166127,0.026018253643917723,0.01774408166321561,1.568506730668893
6886817,65388,29746.0,23.124655258279283,1911,27670,0.45491527497400136,0.0007774038613016635,0.35365289132989663,0.06424393195723795,0.012100813845253418,2.363136971449223
8980571,62535,22900.0,9.511791668528097,1065,19320,0.36619493083873034,0.00041536208159511344,0.15210348874275362,0.04650655021834061,0.008931259782655491,3.236801242236025
24119481,17834,4760.0,1.3131119848922246,130,9078,0.26690591005943703,0.0002758638623723161,0.07362969523899432,0.0273109243697479,0.010100861422247882,1.96452963207755
25998433,27781,9259.0,2.8036389859981217,187,14169,0.3332853389006875,0.0003028014889294872,0.10091929685749691,0.020196565503834106,0.014992721850257336,1.9606888277224928
2716286,36531,14389.0,9.248831769681866,373,20318,0.39388464591716627,0.0006427709896227581,0.25317762365338664,0.025922579748418932,0.024795795629173903,1.7979623978738064
11772330,11433,3303.0,0.9545343500132335,110,7482,0.2889005510364734,0.00028899011505093355,0.08348940348230854,0.03330305782621859,0.008677585000120305,1.5280673616680032
9100689,52153,21023.0,17.621725778069667,6867,29015,0.40310241021609494,0.0008382117575070003,0.33788517972254073,0.3266422489654188,0.0025661461741764476,1.7974495950370497
25866075,13349,3031.0,0.7295523499238605,84,6563,0.2270582066072365,0.00024069691518438158,0.054652209897659794,0.02771362586605081,0.008685147022903102,2.033978363553253
21294794,41035,17782.0,6.203260581118595,1483,21112,0.4333373949067869,0.0003488505556809468,0.15116999101056647,0.08339894275109662,0.004182913406013887,1.9436813186813187
12947794,24744,6607.0,5.660972664277995,64,10447,0.2670142256708697,0.0008568143884180408,0.22878163046710295,0.009686695928560618,0.08845269787934368,2.3685268498133434
11028540,14355,4164.0,1.0519896893094498,242,8076,0.29007314524555905,0.00025263921453156816,0.07328385157153952,0.05811719500480307,0.004347064831857231,1.777488855869242
408759,18808,8513.0,3.9016326851536207,1819,9326,0.4526265418970651,0.0004583146581879033,0.20744537883632605,0.2136732056854223,0.002144932757093799,2.016727428693974
14445192,34519,8198.0,3.5080484161256007,388,14023,0.23749239549233755,0.0004279151520036107,0.10162659451680527,0.04732861673578922,0.00904136189723093,2.461598801968195
13462158,18588,5877.0,8.580293013948483,307,7332,0.31617172369270496,0.001459978392708607,0.46160388497678523,0.05223753615790369,0.027948837178985286,2.53518821603928
30175073,10122,3586.0,5.4539453412790655,70,5723,0.354277810709346,0.0015208994259004645,0.5388209189171177,0.019520356943669825,0.07791350487541522,1.7686528044731784
604249,13712,6455.0,0.8532861787844003,185,6127,0.47075554259043173,0.00013218995798364063,0.06222915539559512,0.02865995352439969,0.00461235772315892,2.2379631140851965
2865315,20016,10702.0,3.224512414571993,95,9691,0.5346722621902478,0.00030129998267351834,0.1610967433339325,0.008876845449448702,0.03394223594286309,2.065421525126406
29513913,10852,5200.0,3.5819823252661527,119,5223,0.4791743457427202,0.0006888427548588756,0.33007577637911467,0.022884615384615385,0.030100691808959266,2.077733103580318
18975813,45793,18103.0,8.854100538209801,784,19387,0.39532242919223465,0.0004890957597199249,0.19335052384010223,0.043307739048776446,0.011293495584451276,2.3620467323464176
12407222,10793,5100.0,6.657457140732976,119,2912,0.47252849068840913,0.0013053837530848974,0.6168310146143775,0.023333333333333334,0.055945017989352745,3.7063873626373627
8407229,10567,5382.0,2.39205235191908,96,5308,0.5093214725087537,0.0004444541716683538,0.22637005317678435,0.017837235228539576,0.024917211999157085,1.9907686510926903
5316929,12876,3108.0,1.5987749369343531,101,7632,0.2413793103448276,0.0005144063503649785,0.12416705008809825,0.0324967824967825,0.01582945482113221,1.6871069182389937
21307468,11331,2433.0,1.5310971525003771,131,7065,0.21472067778660311,0.0006293042139335705,0.13512462734978176,0.05384299219071106,0.011687764522903642,1.6038216560509555
1130498,23247,7126.0,8.219443580187125,159,13510,0.3065341764528756,0.0011534442296080726,0.35357007700723214,0.022312657872579286,0.05169461371186871,1.7207253886010363
12042373,25557,7643.0,2.4850891700767566,167,15858,0.299057009821184,0.0003251457765375843,0.09723712368731684,0.021850058877404162,0.014880773473513513,1.611615588346576
604244,14701,7901.0,0.8131033724681931,231,6578,0.5374464322154956,0.00010291145076170017,0.05530939204599641,0.02923680546766232,0.003519928019342827,2.2348738218303437
25675129,10596,4187.0,2.681952154079316,46,5146,0.3951491128727822,0.0006405426687555089,0.25310986731590374,0.0109863864342011,0.05830330769737643,2.0590750097162847
9610626,39029,12430.0,2.74500100317574,1876,22744,0.3184811294165877,0.0002208367661444682,0.07033234269839708,0.15092518101367658,0.0014632201509465564,1.7160130144213859
24378636,123950,38110.0,23.87404294407448,999,50697,0.3074626865671642,0.0006264508775668979,0.19261026981907606,0.02621359223300971,0.02389794088495944,2.444917845237391
32368241,30140,8665.0,8.208406768007281,919,18558,0.28749170537491703,0.0009473060320839331,0.2723426266757558,0.10605885747259089,0.008931889845492145,1.6240974242914108
32368244,161056,77584.0,138.09642127198168,18918,56697,0.4817206437512418,0.0017799600597027954,0.8574435058115294,0.24383893586306454,0.007299736825879146,2.840644125791488
14466837,10023,3425.0,3.8362905480174017,181,3251,0.34171405766736507,0.0011200848315379274,0.38274873271649223,0.05284671532846715,0.02119497540341106,3.083051368809597
19530182,107844,49832.0,35.31937156007898,791,59865,0.4620748488557546,0.0007087688946877303,0.3275042798864933,0.015873334403596083,0.044651544323740806,1.8014532698571786
6686701,194059,76239.0,68.87468581383519,2738,83334,0.3928650565034345,0.0009034048953138838,0.3549162152429683,0.035913377667597945,0.025155108040115115,2.328689370485036
28351001,222470,138590.0,103.70091685005772,6997,73665,0.6229603991549423,0.0007482568500617485,0.4661343859848866,0.05048704812757053,0.014820768450772863,3.0200230774451913
6686704,55657,19330.0,22.299840892911774,791,22151,0.34730581957345885,0.0011536389494522386,0.40066552083137386,0.04092084842214175,0.028191960673719058,2.5126179404993003
5177431,17900,4989.0,2.1706483950140494,71,10022,0.27871508379888266,0.00043508687011706743,0.12126527346447204,0.014231308879534978,0.030572512605831683,1.7860706445819199
8892339,28793,10965.0,6.482180703547291,659,13538,0.3808217275032126,0.0005911701508023065,0.22513043807686908,0.06010031919744642,0.009836389534973127,2.126828187324568
22451482,11991,4851.0,3.7615249409284823,60,4728,0.404553415061296,0.0007754122739493882,0.3136956835066702,0.012368583797155226,0.06269208234880803,2.5361675126903553
1341195,13543,4429.0,1.0556225096855962,121,9563,0.32703241526988114,0.0002383433076734243,0.07794598757185234,0.027319936780311582,0.008724152972608234,1.4161873888946983
22391321,23606,7452.0,12.286487638261775,496,11048,0.3156824536134881,0.0016487503540340547,0.5204815571575775,0.06655931293612453,0.024771144431979385,2.136676321506155
30501159,12120,4248.0,7.0375230734979795,370,6013,0.3504950495049505,0.0016566673901831403,0.5806537189354769,0.08709981167608287,0.01902033263107562,2.0156327956095126
20458055,22704,5545.0,5.783582835773126,143,13801,0.24423009161381254,0.0010430266610952437,0.2547384969949404,0.025788999098286743,0.040444635215196686,1.6450981812912109
15491650,24952,10159.0,10.927882020928292,623,8576,0.40714171208720745,0.0010756848135572686,0.43795615665791493,0.06132493355645241,0.017540741606626473,2.9095149253731343
32009848,133533,32763.0,9.257886966564486,1071,60138,0.24535508076655207,0.0002825714057493052,0.06933033007993894,0.03268931416536947,0.00864415216299205,2.2204429811433704
1586481,19068,5814.0,11.170600922579512,68,8805,0.3049087476400252,0.0019213279880597716,0.5858297106450342,0.011695906432748537,0.16427354297911045,2.165587734241908
28739284,61486,22298.0,36.57885110528225,1193,24642,0.3626516605406109,0.0016404543504028276,0.5949134942146546,0.053502556283074716,0.03066123311423491,2.495170846522198
13661608,65598,21340.0,13.117610392190207,670,40779,0.32531479618281045,0.0006146958946668325,0.19996966968795096,0.03139643861293346,0.01957852297341822,1.608622084896638
14104561,10170,2893.0,4.9172391872974295,91,5278,0.28446411012782696,0.0016997024498089973,0.4835043448670039,0.03145523677843069,0.054035595464806914,1.9268662372110648
6686703,17029,5948.0,9.667084221589832,286,7500,0.34928651124552235,0.001625266345257201,0.5676836115796483,0.04808338937457969,0.033800993781782626,2.2705333333333333
27589150,39009,17790.0,10.454505618478528,1089,20382,0.45604860416826887,0.0005876619234670336,0.2680023999199807,0.0612141652613828,0.009600096986665314,1.9138946128937298
8867068,41027,13864.0,6.273922678564817,1209,18943,0.33792380627391716,0.00045253337266047434,0.1529217997554005,0.08720427005193307,0.005189348782932024,2.165813229161168
15959625,24759,6735.0,3.5819050967495047,204,16850,0.2720222949230583,0.000531834461284262,0.14467083067771333,0.030289532293986638,0.017558358317399533,1.4693768545994066
14458654,36130,23043.0,23.84763589207818,2337,10325,0.6377802380293385,0.0010349188860859341,0.660050813508945,0.10141908605650306,0.010204379928146419,3.499273607748184
13104554,10413,2959.0,2.594179779745041,124,4839,0.28416402573705946,0.0008767082729790608,0.24912895224671477,0.04190604934099358,0.020920804675363235,2.1518908865468074
24391301,10648,2539.0,1.3965910765087826,87,6639,0.23844853493613824,0.0005500555638081066,0.13115994332351452,0.034265458842063806,0.016052770994353822,1.6038560024100015
28389117,19759,5956.0,3.9282927799336305,120,12283,0.3014322587175464,0.0006595521793038332,0.1988103031496346,0.020147750167897917,0.032735773166113584,1.6086460962305626
8892341,26370,7950.0,9.619569067107985,649,13914,0.3014789533560865,0.001210008687686539,0.36479215271550947,0.08163522012578617,0.014822140319118621,1.8952134540750323
12100671,39019,12752.0,6.6833686610369725,251,22468,0.3268151413413978,0.0005241035650123097,0.17128498067702844,0.019683186951066498,0.02662696677703973,1.736647676695745
20717215,15868,5102.0,4.209321963176341,63,5716,0.3215276027224603,0.0008250337050522033,0.26527110935066434,0.012348098784790278,0.0668146343361324,2.7760671798460463
2144729,15177,1704.0,1.3531199323431402,343,9406,0.1122751531923305,0.0007940844673375236,0.08915595521797062,0.20129107981220656,0.003944956070971254,1.6135445460344462
31772643,195759,90476.0,43.04398073002249,4609,73618,0.4621805383149689,0.0004757502622797481,0.21988251232394165,0.05094168619302356,0.009339114933830004,2.6591186937977125
25419531,52053,18094.0,6.814144875413578,399,28936,0.3476072464603385,0.00037659693132605164,0.130907822323662,0.02205150878744335,0.017078057331863603,1.7989010229471938
14661605,125045,41244.0,78.52309191120005,3002,49489,0.3298332600263905,0.0019038670330520815,0.6279586701683398,0.07278634468043836,0.026156926019720205,2.526723110186102
5871888,22314,6385.0,0.2231399999999925,352,18138,0.28614322846643364,3.494753328112647e-05,0.009999999999999664,0.05512920908379013,0.0006339204545454333,1.2302348660271254
21096019,22209,8216.0,4.576331945627613,55,9942,0.36994011436804897,0.0005570024276567202,0.206057541790608,0.006694255111976631,0.08320603537504752,2.2338563669281837
25920690,55096,32378.0,12.749021966214853,5868,24894,0.5876651662552635,0.0003937556972702098,0.23139650730025507,0.1812341713509173,0.00217263496356763,2.213224070057042
15184511,256102,93175.0,153.82655881254266,19877,91621,0.3638198842648632,0.001650942407432709,0.6006456756001228,0.21332975583579286,0.007738922312851167,2.795232534026042
26852339,159742,32700.0,17.183101768317027,1320,48953,0.20470508695271125,0.0005254771182971568,0.1075678391926796,0.04036697247706422,0.013017501339634112,3.2631707964782546
21257831,21605,9122.0,5.237176133614335,276,9988,0.4222170793797732,0.0005741258642418697,0.2424057455965904,0.03025652269239202,0.018975275846428753,2.1630957148578296
13947795,57717,18661.0,26.180529385510535,317,23636,0.32331895282152573,0.0014029542567660113,0.45360170115408865,0.01698729971598521,0.08258842077448118,2.4419106447791505
10321103,22396,8263.0,14.078519310998834,95,10830,0.3689498124665119,0.0017038024096573683,0.6286175795230771,0.011497034975190609,0.1481949401157772,2.0679593721144967
5867090,62059,19781.0,4.29893123036852,570,22412,0.3187450651799094,0.0002173262843318599,0.06927168066466621,0.02881553005409231,0.0075419846146816145,2.7690076744601106
12002431,11658,4969.0,1.7334514071255063,193,5688,0.4262309143935495,0.0003488531710858334,0.14869200610100414,0.03884081304085329,0.008981613508422312,2.04957805907173
9095251,31811,19456.0,6.600025452373162,886,9266,0.6116123353556946,0.0003392282818859561,0.20747620170296946,0.04553865131578947,0.007449238659563388,3.4330887114180877
7121544,126687,46127.0,39.56847093062809,1557,46511,0.36410207835058056,0.0008578158330398267,0.3123325276518355,0.03375463394541158,0.025413276127571025,2.723807271398164
828346,10610,3629.0,1.557259715548444,53,6548,0.34203581526861454,0.00042911538042117496,0.14677282898665825,0.014604574262882336,0.029382258783932906,1.6203420891875382
16184517,56866,14747.0,8.138200411181556,7425,22226,0.25932894875672635,0.0005518546423802506,0.14311188427498955,0.5034922357089577,0.0010960539274318594,2.5585350490416627
946549,14323,4168.0,2.113092489557416,202,9162,0.29100048872442924,0.0005069799639053301,0.14753141726994454,0.048464491362763915,0.01046085390870008,1.5633049552499454
11803618,15887,4283.0,2.420344935362923,334,11061,0.2695914898974004,0.0005651050514506008,0.15234751276911457,0.07798272239084754,0.007246541722643483,1.436307747943224
27729624,23205,7636.0,9.321758951248087,299,13019,0.3290670114199526,0.0012207646609806297,0.40171337863598744,0.0391566265060241,0.031176451341966848,1.7823949612105385
12987593,13196,5185.0,4.978226113680945,31,4929,0.392922097605335,0.0009601207548082826,0.37725266093368787,0.005978784956605593,0.16058793915099823,2.677216473929803
5700346,13267,4312.0,3.260837529529338,67,7043,0.32501695937288005,0.0007562239168667297,0.2457855980650741,0.015538033395176253,0.048669216858646835,1.8837143262814142
21443086,17633,6115.0,5.360724573274169,237,10406,0.34679294504622016,0.0008766516064225951,0.3040165923707916,0.03875715453802126,0.022619091026473286,1.6945031712473573
9013587,16055,5394.0,3.133600414660512,24,8195,0.3359701027717222,0.0005809418640453304,0.1951790977677055,0.004449388209121246,0.130566683944188,1.9591214154972545
11938638,44185,12172.0,13.833948802664219,92,16661,0.27547810342876544,0.0011365386791541423,0.3130915198068172,0.007558330594807755,0.15036900872461106,2.652001680571394
30848316,11609,3569.0,2.353739554830097,396,6171,0.30743388750107675,0.000659495532314401,0.20275127528900827,0.11095544970579994,0.005943786754621457,1.8812186031437368
12491647,10794,3742.0,0.7471905281379022,33,5342,0.3466740781915879,0.00019967678464401448,0.06922276525272394,0.008818813468733297,0.022642137216300068,2.020591538749532
24867560,22048,6952.0,6.2341245761265185,511,6530,0.3153120464441219,0.0008967382877051954,0.2827523846211229,0.07350402761795168,0.01219985239946481,3.376416539050536
5121534,12508,3311.0,5.140188374901126,274,7391,0.2647105852254557,0.0015524579809426536,0.41095206067325923,0.0827544548474781,0.018759811587230387,1.6923285076444323
9106406,19642,6142.0,5.798340610249364,3027,9625,0.31269728133591285,0.0009440476408742046,0.29520113075294596,0.4928362097036796,0.0019155403403532754,2.0407272727272727
26998432,12526,4635.0,2.4465951441410874,142,5828,0.3700303368992496,0.0005278522425331365,0.1953213431375609,0.03063646170442287,0.017229543268599205,2.149279341111874
27684173,13767,4456.0,3.209152222467939,212,5394,0.3236725503014455,0.0007201867644676704,0.23310468674859733,0.04757630161579892,0.015137510483339335,2.552280311457175
13576407,25560,7438.0,3.898245175537423,155,15523,0.29100156494522694,0.0005240985715968571,0.15251350452024348,0.020838935197633773,0.025149968874434988,1.6465889325516976
29534051,17175,6011.0,3.7395091527359265,389,9330,0.3499854439592431,0.0006221109886434747,0.21772979055231012,0.06471468973548494,0.009613134068729889,1.8408360128617363
30729721,30570,8702.0,9.970296660057352,783,15518,0.2846581615963363,0.0011457477200709438,0.3261464396485886,0.08997931509997702,0.012733456781682442,1.9699703570047686
7299461,15028,2728.0,2.279248695208669,76,6087,0.18152781474580781,0.0008355017211175472,0.1516668016508297,0.02785923753665689,0.029990114410640378,2.468868079513718
19661713,14715,3064.0,4.803167343211678,129,9570,0.20822290180088346,0.0015676133626669967,0.32641300327636275,0.04210182767624021,0.037233855373733936,1.5376175548589341
5442463,14336,3722.0,3.0642017880354895,875,3640,0.25962611607142855,0.0008232675411164668,0.2137417541877434,0.2350886620096722,0.003501944900611988,3.9384615384615387
32398758,11209,4298.0,3.558579489822532,228,5531,0.3834418770630743,0.0008279617240164104,0.3174751975932315,0.05304792926942764,0.015607804779923386,2.0265774724281322
690012,17430,3250.0,2.244154407160884,266,10129,0.18646012621916236,0.0006905090483571952,0.1287524043121563,0.08184615384615385,0.008436670703612346,1.7208016586040082
24843272,14579,3701.0,1.2081309953302986,2391,6989,0.25385828932025517,0.00032643366531486044,0.08286789185337118,0.6460416103755742,0.0005052827249394808,2.0859922735727574
13343035,17389,6423.0,1.526243270978563,589,10859,0.36937144171602737,0.00023762155861413093,0.08777061768811105,0.09170169702631169,0.002591244942238647,1.6013445068606686
